SNP,ALLELE,iscores,NBETA,NSE,PV
rs7517838,T,0.968917,0.14361,0.0086494,6.8607e-62
rs2273113,C,0.984547,0.14247,0.00858,6.6548e-62
rs6691985,T,1,-0.16227,0.0092582,9.4093e-69
rs2235932,T,0.991183,0.18129,0.0086794,7.7104e-97
rs2284746,G,1,0.2066,0.0084352,2.148e-132
rs55779591,T,0.996631,-0.16743,0.0091421,6.7947e-75
rs56265117,T,0.992408,-0.1797,0.0095273,2.521e-79
rs7513616,G,0.993823,0.16168,0.0084541,1.7009e-81
rs761422,G,1,0.16535,0.0084371,1.7546e-85
rs761423,C,1,0.17063,0.0084699,3.2108e-90
rs9435731,A,1,0.2064,0.0084413,6.0022e-132
rs2076604,C,0.999049,-0.17254,0.010817,2.8962e-57
rs2076605,A,0.999175,0.19714,0.0084425,1.587e-120
rs2311528,A,1,-0.17396,0.0094887,4.7399e-75
rs3170740,T,1,0.19332,0.0084453,6.7412e-116
rs3738815,T,1,-0.17227,0.010815,4.1655e-57
rs3754512,T,0.997152,0.19945,0.0084484,3.743e-123
rs4920605,A,0.999357,0.19711,0.0085118,1.428e-118
rs6682671,T,0.993322,0.18554,0.0088843,8.2263e-97
rs7531163,A,0.998817,-0.18159,0.0099436,1.7757e-74
rs7553340,C,0.999391,-0.17286,0.010817,1.8369e-57
rs761421,T,0.99896,0.19718,0.008443,1.4774e-120
rs9435658,C,0.996463,-0.1822,0.0099461,6.251e-75
rs9435659,A,0.998034,0.19627,0.0084503,2.8586e-119
rs9435660,G,0.998998,-0.18168,0.0099424,1.4434e-74
rs9435662,A,1,0.19688,0.0084405,2.88e-120
rs9435732,T,1,-0.176,0.0095969,4.2637e-75
rs9435733,C,0.998507,0.20601,0.0084395,1.5973e-131
rs9435734,G,0.996693,0.19901,0.0084515,1.5793e-122
rs10437047,T,0.997798,-0.17255,0.010823,3.3442e-57
rs2076602,T,0.997038,-0.1726,0.010827,3.3632e-57
rs2076603,A,0.999486,0.17669,0.0088103,2.019e-89
rs2871776,C,0.998366,-0.18294,0.0084574,1.057e-103
rs4920608,T,1,0.17729,0.0088094,4.8589e-90
rs6657613,T,0.998342,0.19197,0.0084339,1.2861e-114
rs7550758,T,0.997883,0.19185,0.0084357,1.9644e-114
rs9435665,A,0.996567,-0.1719,0.01083,1.0055e-56
rs11203280,T,0.999267,-0.15809,0.0089225,3.231e-70
rs2076600,A,0.996598,-0.16768,0.009565,8.8464e-69
rs2076601,G,0.998797,-0.18257,0.0084556,2.4209e-103
rs2647166,A,0.998467,0.1606,0.0096503,3.6104e-62
rs2647167,C,0.99931,0.16355,0.008772,1.482e-77
rs2746478,C,0.999376,0.16356,0.0087716,1.4294e-77
rs3738814,G,1,-0.18194,0.0085289,6.3887e-101
rs56047197,A,0.996769,-0.16764,0.0095648,9.4193e-69
rs735258,T,0.999249,0.17283,0.0085008,7.4672e-92
rs926702,T,0.996645,0.1794,0.0084638,1.1629e-99
rs9435671,C,0.997376,-0.15814,0.0091849,2.0726e-66
rs9435672,T,1,0.17265,0.0084989,1.0497e-91
rs9435739,A,0.998643,0.15969,0.008956,4.3303e-71
rs9435741,C,0.999589,0.17241,0.0085002,2.0172e-91
rs11203282,G,0.993057,0.13633,0.0085117,1.0172e-57
rs12142244,A,0.989974,0.13718,0.0085271,3.2444e-58
rs2871775,G,1,0.17315,0.0085035,4.0217e-92
rs10788650,A,0.999629,0.14821,0.0084643,1.2644e-68
rs10887990,C,1,0.14803,0.008462,1.6973e-68
rs10887992,G,0.999945,0.14787,0.0084621,2.3593e-68
rs11203284,A,1,0.14781,0.0084622,2.7157e-68
rs11203285,C,0.999926,0.14787,0.0084621,2.3599e-68
rs11579925,G,0.999117,0.14791,0.0084669,2.5764e-68
rs12143126,A,0.99966,0.14808,0.0084635,1.6188e-68
rs12737199,A,0.999898,0.14798,0.0084624,1.9139e-68
rs12747579,A,0.999932,0.14791,0.0084622,2.1984e-68
rs2179793,A,0.999921,0.14803,0.0084626,1.745e-68
rs7517920,A,0.999888,0.14791,0.0084624,2.1779e-68
rs9435676,T,0.999953,0.14788,0.0084622,2.3279e-68
rs10887993,A,0.999953,0.14787,0.0084621,2.3578e-68
rs10887994,C,0.996898,0.14772,0.0084732,4.8625e-68
rs11203286,T,0.999932,0.14787,0.0084622,2.3641e-68
rs11203287,G,0.997294,0.1479,0.0084716,3.1575e-68
rs11203288,T,0.997055,0.14772,0.0084723,4.7029e-68
rs11578903,A,0.99624,0.14647,0.0084807,8.1801e-67
rs11582579,G,0.997261,0.14789,0.0084717,3.1811e-68
rs12122144,C,0.997293,0.14794,0.0084715,2.8912e-68
rs1546925,T,0.997262,0.14785,0.0084715,3.4473e-68
rs2295057,T,0.996505,0.14656,0.0084794,6.5425e-67
rs2295059,A,0.996776,0.14778,0.0084731,4.2092e-68
rs2295060,T,0.997127,0.14773,0.008472,4.4766e-68
rs6690919,C,0.997288,0.14785,0.0084717,3.4801e-68
rs6690934,C,0.997296,0.14789,0.0084715,3.1721e-68
rs6691029,G,0.9973,0.1479,0.0084715,3.1268e-68
rs6698160,G,0.997304,0.14793,0.0084715,2.9523e-68
rs6700594,C,0.997292,0.14779,0.0084714,3.9251e-68
rs6701200,G,0.997296,0.14791,0.0084715,3.081e-68
rs7536679,A,0.997281,0.14795,0.0084715,2.8222e-68
rs7545499,T,0.997281,0.14795,0.0084715,2.8222e-68
rs7545518,T,0.997256,0.14795,0.0084716,2.8093e-68
rs9435745,T,0.998037,0.14784,0.0084688,3.2121e-68
rs9435746,C,0.997273,0.14784,0.0084715,3.5549e-68
rs9435747,T,0.997253,0.14785,0.0084717,3.4496e-68
rs9435748,G,0.997292,0.14785,0.0084715,3.4675e-68
rs9435749,G,0.997298,0.1479,0.0084715,3.1421e-68
rs6675122,A,0.96452,0.1578,0.009838,7.0046e-58
rs11209331,C,0.990354,0.14822,0.0085404,1.9129e-67
rs12408576,G,0.994378,0.14509,0.0090822,1.9767e-57
rs12718433,A,0.99354,0.14609,0.0085478,1.8034e-65
rs12731155,G,0.993814,0.14842,0.0085286,8.2301e-68
rs12735455,A,0.993533,0.1461,0.0085478,1.7972e-65
rs41268101,A,0.993807,0.21551,0.01025,4.3048e-98
rs61780429,A,0.991811,0.2156,0.01026,5.3933e-98
rs61780431,A,0.993619,0.21547,0.010251,4.8927e-98
rs7537689,C,0.992503,0.14851,0.0085339,8.2748e-68
rs11209342,C,0.994205,0.15141,0.0085206,1.2654e-70
rs11579483,C,0.999181,0.14846,0.0090367,1.2403e-60
rs12037263,G,0.998419,0.14918,0.0085219,1.3659e-68
rs4360513,A,0.998669,0.15158,0.0085033,4.6536e-71
rs61780434,A,0.995559,0.2199,0.010211,8.221e-103
rs61780435,T,0.998634,0.22053,0.010194,9.6926e-104
rs61780436,T,0.999002,0.22048,0.010192,1.0029e-103
rs61780438,A,0.999381,0.21998,0.010192,2.8621e-103
rs7534059,T,0.999062,0.14853,0.0090363,1.0861e-60
rs10889792,T,0.998557,0.14841,0.0085198,6.1957e-68
rs11209361,C,0.999216,0.14873,0.0090374,7.7318e-61
rs17357905,C,0.998313,0.14875,0.0090299,5.9791e-61
rs17357954,T,0.999509,0.2204,0.010186,8.8037e-104
rs3738368,G,1,0.14925,0.0090345,2.7666e-61
rs61780439,A,0.999415,0.21955,0.010185,5.3541e-103
rs61780440,C,0.990894,0.2079,0.010795,1.2945e-82
rs6670087,C,0.999568,0.22026,0.010189,1.3888e-103
rs6678816,T,0.999581,0.22027,0.010189,1.3619e-103
rs10489522,A,0.999958,-0.21811,0.010175,6.8323e-102
rs11209376,A,0.999856,-0.21821,0.010175,5.5679e-102
rs11209379,G,0.999906,-0.2182,0.010175,5.6795e-102
rs11555079,A,0.999224,0.21955,0.010189,6.3269e-103
rs1740610,A,1,-0.21807,0.010174,7.2555e-102
rs2802548,T,0.999751,-0.15009,0.0084974,8.5816e-70
rs2802549,A,0.999805,-0.1477,0.0090275,3.7871e-60
rs2802550,G,0.999615,0.15007,0.0084978,8.952e-70
rs2802551,T,0.99966,0.15018,0.0084979,7.1615e-70
rs3157,G,0.998668,0.15145,0.0084681,1.6441e-71
rs7518880,A,0.999952,-0.21812,0.010175,6.6179e-102
rs7531344,G,0.999848,-0.21796,0.010173,8.7838e-102
rs7553037,T,0.999894,-0.21808,0.010175,7.3896e-102
rs9326087,T,0.999932,-0.21803,0.010174,8.0849e-102
rs1015091,G,0.999102,-0.21801,0.010184,1.3207e-101
rs2064740,G,0.999633,-0.21783,0.010178,1.4834e-101
rs2144790,G,0.999549,-0.21788,0.010179,1.3657e-101
rs2300654,T,0.999849,-0.15002,0.0084971,9.6498e-70
rs2363096,G,0.999609,-0.21798,0.01018,1.1316e-101
rs2749418,C,0.943748,-0.17854,0.0089444,1.319e-88
rs7525193,C,0.999549,-0.21787,0.010179,1.3757e-101
rs11209429,A,0.999867,-0.14974,0.0084975,1.7591e-69
rs2144788,A,0.999872,-0.21794,0.010175,9.9123e-102
rs4660184,C,0.999142,-0.13948,0.008462,5.0873e-61
rs4660500,A,0.999551,-0.21777,0.010179,1.6984e-101
rs6600364,T,0.999857,-0.14983,0.0084977,1.4765e-69
rs6669542,G,0.999547,-0.21776,0.010179,1.7165e-101
rs6669737,C,0.999547,-0.2179,0.01018,1.3216e-101
rs6686842,C,1,-0.15055,0.0085202,7.5443e-70
rs9439033,G,0.999516,-0.21771,0.010179,1.9007e-101
rs1740615,T,0.999824,-0.21798,0.010175,9.2895e-102
rs2011981,T,0.997096,-0.21823,0.010204,1.9897e-101
rs2011982,C,0.997166,-0.21814,0.010203,2.3249e-101
rs2363097,G,0.999615,-0.21831,0.010178,5.1887e-102
rs2885697,T,0.999814,-0.18935,0.0089304,9.9746e-100
rs6696524,G,0.999602,-0.21812,0.010177,7.5198e-102
rs6698511,G,0.999289,-0.21793,0.010177,1.0898e-101
rs9439035,C,0.999559,-0.21825,0.010178,5.9926e-102
rs1008505,T,0.999847,-0.14999,0.0084979,1.0639e-69
rs11209497,A,0.999879,-0.15022,0.0084976,6.5829e-70
rs2013925,G,0.998404,-0.21834,0.010196,1.1078e-101
rs2024859,G,0.999479,-0.21814,0.01018,8.1533e-102
rs2024860,T,0.999465,-0.21806,0.01018,9.7983e-102
rs2749419,A,0.999773,-0.21807,0.010175,7.766e-102
rs2802565,A,0.999803,-0.15023,0.0084977,6.4695e-70
rs2802566,G,0.999867,-0.15017,0.0084976,7.1973e-70
rs6600365,T,0.999871,-0.15023,0.0084977,6.4087e-70
rs6600366,T,0.99972,-0.21778,0.010177,1.5196e-101
rs6662279,C,0.999882,-0.15024,0.0084977,6.3323e-70
rs6674290,G,0.999476,-0.21807,0.01018,9.3928e-102
rs7413800,C,0.999479,-0.21823,0.010178,6.0821e-102
rs17571940,T,0.999743,-0.15017,0.0084986,7.477e-70
rs213733,C,0.999687,-0.15013,0.0084986,8.112e-70
rs213734,T,0.999788,-0.14999,0.0084979,1.0724e-69
rs475390,A,0.997114,-0.21646,0.010131,3.1665e-101
rs479493,A,1,-0.15062,0.0084995,3.0436e-70
rs548007,A,0.99973,-0.15012,0.0084981,8.1325e-70
rs578348,T,0.999716,-0.21811,0.010178,7.8292e-102
rs656917,C,0.999827,-0.15009,0.0084981,8.7915e-70
rs6663565,T,0.999801,-0.15018,0.008498,7.1826e-70
rs710248,T,0.999684,-0.21807,0.010178,8.5885e-102
rs721651,C,0.996722,-0.21872,0.0102,5.8855e-102
rs804660,C,0.999719,-0.21802,0.010178,9.6306e-102
rs804661,G,0.999659,-0.21795,0.010177,1.0697e-101
rs213731,T,0.999664,-0.21784,0.010177,1.3821e-101
rs213732,T,0.99966,-0.2179,0.010177,1.1873e-101
rs213761,C,0.998984,-0.21778,0.010182,1.8768e-101
rs213762,C,0.999472,-0.21804,0.010179,9.3969e-102
rs213763,T,0.999602,-0.21784,0.010178,1.4064e-101
rs213765,G,0.99962,-0.14778,0.0090298,3.4788e-60
rs213766,C,0.999629,-0.21796,0.010179,1.1359e-101
rs213767,G,0.999615,-0.21796,0.010179,1.1439e-101
rs213753,G,0.999058,-0.21729,0.01018,4.9289e-101
rs213754,T,0.998356,-0.15008,0.0085028,1.0564e-69
rs213755,T,0.998852,-0.21741,0.010181,4.0927e-101
rs213756,T,0.998712,-0.21746,0.010182,3.7046e-101
rs213758,C,0.998974,-0.14746,0.0090317,6.6437e-60
rs183334,A,0.999061,-0.14749,0.0090306,6.0753e-60
rs213738,C,0.999242,-0.14745,0.0090306,6.4712e-60
rs213739,T,0.999154,-0.14757,0.0090306,5.2107e-60
rs213740,C,0.999068,-0.21744,0.010181,3.6977e-101
rs213741,G,0.999074,-0.21743,0.010181,3.7741e-101
rs213743,G,0.99908,-0.21741,0.010181,3.9966e-101
rs213744,C,0.999256,-0.14745,0.0090306,6.4833e-60
rs213749,A,0.9988,-0.21732,0.010182,4.9735e-101
rs213750,T,0.999078,-0.21735,0.010179,4.2026e-101
rs213751,G,0.999145,-0.14739,0.0090302,7.1571e-60
rs213768,T,0.998936,-0.21737,0.010182,4.526e-101
rs213735,T,0.999046,-0.1474,0.009031,7.1782e-60
rs213745,C,0.998859,-0.2175,0.010183,3.5194e-101
rs213746,C,0.999263,-0.14735,0.0090301,7.6338e-60
rs213747,G,0.998762,-0.14995,0.0085015,1.3279e-69
rs213748,G,0.998762,-0.14995,0.0085015,1.3279e-69
rs2363803,A,0.998559,0.15036,0.0085012,5.6215e-70
rs61781830,C,0.999243,0.14747,0.0090306,6.2775e-60
rs61781831,A,0.999057,0.21743,0.010181,3.7711e-101
rs61781832,A,0.99905,0.2175,0.010181,3.2293e-101
rs78124119,C,0.99876,0.2173,0.01018,4.6424e-101
rs12127030,C,0.999239,0.14743,0.0090301,6.6213e-60
rs146289962,T,0.999262,0.14751,0.0090307,5.8381e-60
rs58973729,A,0.999249,0.14753,0.0090306,5.6067e-60
rs61781833,C,0.999154,0.14749,0.0090301,5.9871e-60
rs74069080,T,0.999136,0.14738,0.0090307,7.3616e-60
rs10889885,C,0.999186,0.1475,0.0090308,6.0151e-60
rs11209659,A,0.999137,0.14746,0.0090308,6.4229e-60
rs12136364,G,0.999133,0.14739,0.0090303,7.2366e-60
rs34454389,G,0.998724,0.14989,0.0085016,1.5057e-69
rs61779269,A,0.999006,0.21749,0.010181,3.2769e-101
rs6672508,G,0.999016,0.14749,0.0090309,6.0849e-60
rs60351276,G,0.998532,0.14698,0.0090316,1.5625e-59
rs61774685,C,0.998885,0.21784,0.010182,1.6447e-101
rs61774686,C,0.998821,0.21796,0.010182,1.3321e-101
rs61774687,A,0.99885,0.218,0.010182,1.2183e-101
rs61774688,T,0.998969,0.14781,0.0090328,3.6356e-60
rs61779270,T,0.999029,0.21754,0.010181,2.9795e-101
rs6672914,T,0.998725,0.14745,0.0090316,6.741e-60
rs11209718,T,0.998317,0.14986,0.0085034,1.6985e-69
rs11209720,A,0.9988,0.14742,0.0090335,7.5404e-60
rs11209721,T,0.998791,0.14742,0.0090336,7.5258e-60
rs11209725,T,0.998273,0.14989,0.0085036,1.6249e-69
rs11209726,C,0.998732,0.14735,0.0090333,8.4285e-60
rs12118337,C,0.998766,0.14771,0.0090326,4.3465e-60
rs12121121,A,0.998764,0.14772,0.0090326,4.2697e-60
rs12134073,A,0.998317,0.14986,0.0085034,1.6985e-69
rs17358122,T,0.998731,0.21722,0.010185,7.0679e-101
rs61774689,T,0.99882,0.21738,0.010184,4.8782e-101
rs10493093,G,0.998388,0.14785,0.0090325,3.3249e-60
rs1121866,C,0.997826,0.15035,0.0085051,6.6612e-70
rs11585506,G,0.998603,0.14731,0.0090334,9.1192e-60
rs12123384,G,0.99859,0.14785,0.0090382,3.9162e-60
rs12125555,G,0.998058,0.15002,0.008503,1.2143e-69
rs12127194,T,0.998709,0.14736,0.0090334,8.3254e-60
rs12128359,C,0.998579,0.14773,0.009033,4.1669e-60
rs17358157,G,0.998602,0.14731,0.0090334,9.1133e-60
rs59911668,A,0.998165,0.14775,0.0090347,4.2971e-60
rs10157966,C,0.997979,0.14984,0.0085048,1.8916e-69
rs1472570,C,0.998137,0.15001,0.0085034,1.2554e-69
rs3845571,C,0.996362,0.14771,0.009043,5.8764e-60
rs3856251,C,0.99646,0.1479,0.0090482,4.8175e-60
rs3899207,T,0.998404,0.14743,0.0090354,7.7954e-60
rs61774707,T,0.998501,0.14768,0.0090333,4.6401e-60
rs61774708,G,0.998561,0.21674,0.010178,1.4213e-100
rs61774710,G,0.998563,0.21704,0.010177,7.2828e-101
rs61774713,A,0.998568,0.21662,0.01018,1.9903e-100
rs11209765,T,0.999177,0.14551,0.0090597,4.9494e-58
rs11578158,T,0.999474,0.14538,0.0090579,5.8876e-58
rs11589478,A,0.999374,0.14559,0.0090577,4.0329e-58
rs2275931,T,1,0.14645,0.0090497,6.918e-59
rs61774715,T,0.998728,0.21551,0.010237,2.429e-98
rs61774716,A,0.999274,0.14542,0.0090578,5.4867e-58
rs61774717,T,0.998973,0.21511,0.010234,4.8856e-98
rs78715416,T,0.99931,0.14615,0.009052,1.2599e-58
rs12143111,G,0.983625,0.14959,0.0085694,3.225e-68
rs13374676,T,0.998876,0.14623,0.009054,1.1709e-58
rs1892425,A,0.981867,0.20713,0.0099772,1.1025e-95
rs2154319,C,0.980254,0.21731,0.01031,1.3975e-98
rs57707706,A,0.99787,0.21531,0.01024,4.1257e-98
rs59724837,G,0.98083,0.14557,0.0091254,2.8691e-57
rs61774718,A,0.999172,0.14676,0.0090513,4.1912e-59
rs12096508,A,0.999597,0.23001,0.01447,7.0527e-57
rs17106219,T,0.999703,0.22996,0.014469,7.3759e-57
rs17106235,G,0.998754,0.23047,0.014475,4.5927e-57
rs56298082,T,0.999214,0.23052,0.014478,4.5788e-57
rs10493149,G,0.996549,0.23802,0.014714,7.7069e-59
rs57775942,G,0.997267,0.23782,0.014709,8.699e-59
rs72898944,A,0.998216,0.23063,0.014479,4.1722e-57
rs72898946,C,0.997724,0.23095,0.014482,3.0688e-57
rs72898950,C,0.99793,0.23068,0.014481,4.0812e-57
rs72898951,C,0.998124,0.22971,0.014476,1.0785e-56
rs72898953,C,0.997967,0.23079,0.014486,3.9395e-57
rs72898961,A,0.998164,0.23689,0.01476,6.0273e-58
rs72898966,G,0.996587,0.23818,0.014715,6.6025e-59
rs72898971,G,0.997331,0.23722,0.014767,4.7021e-58
rs113834846,G,0.996904,0.24512,0.014909,1.0225e-60
rs1846522,A,0.995257,0.24609,0.014858,1.3519e-61
rs58446086,G,0.997289,0.23721,0.014768,4.8707e-58
rs59622625,T,0.997147,0.23705,0.014713,2.2121e-58
rs72898974,T,0.99696,0.24515,0.014909,9.679e-61
rs72898980,G,0.996643,0.24492,0.014911,1.3085e-60
rs3827731,G,0.99663,0.24491,0.014911,1.3221e-60
rs56985406,A,0.998146,0.24407,0.014906,3.0673e-60
rs59029934,T,0.997291,0.24457,0.014909,1.8589e-60
rs57490213,A,0.998028,0.24429,0.014911,2.6377e-60
rs60848584,T,0.998262,0.24401,0.014905,3.2125e-60
rs115072809,T,0.999056,0.24491,0.014888,8.7456e-61
rs147696085,A,0.99898,0.24462,0.014886,1.1576e-60
rs3789581,C,0.998886,0.2449,0.014889,8.9536e-61
rs3789582,A,0.998546,0.24484,0.014888,9.4569e-61
rs72900903,G,0.998327,0.24469,0.014888,1.1068e-60
rs111901479,A,0.999147,0.2451,0.014887,6.8818e-61
rs112516611,A,0.998772,0.24504,0.014899,9.1636e-61
rs57400675,T,0.998538,0.24431,0.014915,2.7685e-60
rs72900922,A,1,0.24498,0.014813,2.0256e-61
rs72900926,G,0.999947,0.246,0.014821,7.494e-62
rs72900928,G,0.999925,0.24601,0.014821,7.4389e-62
rs72900932,C,0.999852,0.246,0.014821,7.4995e-62
rs112045565,G,0.999615,0.24618,0.014824,6.4344e-62
rs115108083,T,0.998131,0.24593,0.014841,1.1647e-61
rs72900938,C,0.999388,0.24635,0.014826,5.5924e-62
rs76852824,C,0.999284,0.24647,0.014828,5.0018e-62
rs113611542,C,0.999385,0.24641,0.01483,5.616e-62
rs116692933,C,0.999403,0.24646,0.01483,5.3411e-62
rs12070594,A,0.998112,0.24777,0.014787,5.295e-63
rs12098132,A,0.996872,0.24428,0.014812,4.3415e-61
rs72900940,T,0.999315,0.24655,0.014829,4.6815e-62
rs72900944,T,0.999151,0.24655,0.014829,4.6825e-62
rs113389179,G,0.999132,0.24637,0.014833,6.1492e-62
rs12091972,C,0.997655,0.24797,0.014782,3.9239e-63
rs12354253,A,0.9986,0.24842,0.014791,2.7524e-63
rs57254915,T,0.999444,0.24644,0.01483,5.4105e-62
rs72900956,T,0.99948,0.24645,0.01483,5.349e-62
rs72900957,G,0.99951,0.24646,0.01483,5.2938e-62
rs58029717,G,0.999293,0.24646,0.01483,5.3567e-62
rs115100714,A,0.999132,0.24589,0.014827,9.4507e-62
rs12063007,T,0.998011,0.24773,0.014782,5.1099e-63
rs12086130,T,0.998047,0.24797,0.014789,4.3922e-63
rs11205766,A,0.998507,0.24793,0.014785,4.3087e-63
rs59318346,A,0.998521,0.24794,0.014785,4.2577e-63
rs72900979,C,0.999778,0.2463,0.014828,6.0511e-62
rs72900982,T,0.999799,0.24666,0.014829,4.1313e-62
rs111580012,A,0.999825,0.24617,0.014827,7.0153e-62
rs12090545,G,0.998062,0.24784,0.014781,4.4461e-63
rs12091670,G,0.998869,0.24592,0.014822,8.3858e-62
rs57793888,G,0.99903,0.24589,0.014825,9.1273e-62
rs72900983,C,0.999783,0.2463,0.014828,6.0848e-62
rs72900998,C,1,0.24549,0.014799,8.8021e-62
rs111352324,C,0.998126,0.24398,0.014793,4.2695e-61
rs113730976,C,0.998571,0.24598,0.014774,3.1739e-62
rs12064411,G,0.998661,0.24494,0.014815,2.208e-61
rs12073283,G,0.999117,0.24549,0.014817,1.2213e-61
rs2137676,G,0.99979,0.24454,0.014818,3.6589e-61
rs72902706,C,0.999742,0.24597,0.014822,7.9441e-62
rs72902708,T,0.998656,0.24772,0.014785,5.4321e-63
rs76589723,A,0.999914,0.24651,0.014828,4.8327e-62
rs79090772,C,0.992497,0.24638,0.014929,3.6145e-61
rs112282787,C,0.999315,0.24563,0.01482,1.1062e-61
rs112717424,G,0.999565,0.24565,0.01482,1.0984e-61
rs113611257,A,0.999542,0.24564,0.014819,1.0877e-61
rs12063943,C,0.998861,0.24508,0.014822,2.1443e-61
rs72902722,C,0.99957,0.24562,0.014826,1.2664e-61
rs72902726,C,0.99946,0.24564,0.014826,1.2369e-61
rs72902729,G,0.999587,0.24567,0.01482,1.0807e-61
rs77701130,C,0.999594,0.24569,0.014827,1.1891e-61
rs112095647,G,0.999167,0.2456,0.014818,1.1178e-61
rs113119450,C,0.999589,0.24567,0.01482,1.0821e-61
rs12074850,G,0.99828,0.24754,0.014775,5.5553e-63
rs12084054,T,0.999223,0.24572,0.014818,9.801e-62
rs12089747,T,0.998742,0.24769,0.014785,5.7e-63
rs72902736,G,0.999762,0.24625,0.014824,5.9268e-62
rs72902744,G,0.999881,0.2462,0.014823,6.2118e-62
rs80326064,T,0.999824,0.24626,0.014829,6.5631e-62
rs1015085,A,0.999874,0.2462,0.01483,7.0754e-62
rs111701872,T,0.999809,0.24623,0.014831,6.9931e-62
rs112299817,A,0.999782,0.24622,0.014831,7.0663e-62
rs12075991,C,0.999169,0.24566,0.014817,1.0086e-61
rs59430062,T,0.999184,0.24624,0.01484,8.0753e-62
rs60788683,C,0.998688,0.24547,0.014827,1.5182e-61
rs72902755,T,0.999903,0.24615,0.01483,7.4488e-62
rs72902760,C,1,0.24639,0.01482,4.7207e-62
rs72902763,C,0.999895,0.24619,0.014823,6.2628e-62
rs72902765,G,0.999888,0.24619,0.014823,6.3078e-62
rs72902767,G,0.998806,0.24643,0.01483,5.5296e-62
rs72902768,T,0.999871,0.2462,0.01483,7.0479e-62
rs80297338,A,0.999895,0.24622,0.01483,6.8912e-62
rs11205771,G,0.999146,0.24522,0.014817,1.6825e-61
rs12085022,C,0.999346,0.24557,0.014819,1.1698e-61
rs3789587,T,0.998833,0.24762,0.014786,6.2233e-63
rs3789588,A,0.999854,0.24618,0.01483,7.2295e-62
rs72902772,T,0.999858,0.24616,0.014823,6.5278e-62
rs72902776,A,0.998045,0.24417,0.0148,3.9954e-61
rs72902777,C,0.999362,0.24605,0.01483,8.4074e-62
rs72902778,G,0.999804,0.24614,0.014824,6.7583e-62
rs111701702,C,0.999568,0.24554,0.014822,1.2715e-61
rs11205773,C,0.999116,0.24524,0.014818,1.6707e-61
rs11205777,A,0.998682,0.24692,0.014775,1.1199e-62
rs112931784,A,0.999758,0.24604,0.014824,7.6666e-62
rs12058197,C,0.999116,0.24524,0.014818,1.6675e-61
rs12096626,A,0.999114,0.24523,0.014818,1.6835e-61
rs58795848,G,0.99906,0.24541,0.014818,1.3763e-61
rs72902785,A,0.999029,0.24586,0.014823,9.0811e-62
rs72902789,C,0.99977,0.24609,0.014831,8.1868e-62
rs111655515,T,0.999691,0.24576,0.014824,1.0471e-61
rs12062764,A,0.999239,0.24729,0.014788,9.4245e-63
rs12067513,A,0.999118,0.24563,0.014821,1.1424e-61
rs12089749,A,0.999256,0.24558,0.014828,1.3567e-61
rs2095864,T,0.999661,0.24616,0.014833,7.7777e-62
rs2095865,T,0.999661,0.24616,0.014833,7.7834e-62
rs2105211,C,0.999238,0.24751,0.01479,7.5766e-63
rs57412341,G,0.999426,0.24585,0.014825,9.533e-62
rs57839936,C,0.999691,0.24584,0.014831,1.079e-61
rs59786222,T,0.999305,0.24745,0.014781,6.8975e-63
rs60483827,A,0.999452,0.24551,0.014824,1.36e-61
rs60832780,C,0.999266,0.24555,0.014821,1.2327e-61
rs72904709,G,0.999686,0.24582,0.014824,9.801e-62
rs111779227,C,0.999745,0.24581,0.014825,1.0037e-61
rs113910111,C,0.999326,0.24555,0.014821,1.2608e-61
rs12083647,G,0.999157,0.24587,0.014829,1.0038e-61
rs59390962,T,0.999736,0.24583,0.014831,1.0999e-61
rs72904713,G,0.99921,0.24556,0.014831,1.4668e-61
rs72904718,C,0.999648,0.24582,0.014831,1.1071e-61
rs72904719,T,0.999779,0.24591,0.014832,1.0162e-61
rs12058681,T,0.998812,0.24551,0.014823,1.3396e-61
rs12088617,G,0.999041,0.24728,0.014778,7.9153e-63
rs2175794,T,0.99968,0.24587,0.014833,1.088e-61
rs58791125,A,0.998998,0.24725,0.014778,8.113e-63
rs59128535,A,0.999145,0.24697,0.014789,1.3656e-62
rs72904723,G,0.999674,0.24567,0.014825,1.1641e-61
rs72904725,T,0.99932,0.24537,0.014821,1.5295e-61
rs72904726,C,0.999382,0.24535,0.014832,1.8974e-61
rs72904730,C,0.999597,0.24583,0.014834,1.1629e-61
rs72904732,G,0.999582,0.24577,0.014827,1.0901e-61
rs12068606,T,0.99899,0.24739,0.014781,7.2788e-63
rs138368422,G,0.999624,0.24588,0.014834,1.0923e-61
rs138422027,A,0.99469,0.24847,0.015,1.3218e-61
rs57095912,G,0.999604,0.24582,0.014827,1.029e-61
rs60329786,T,0.999536,0.24584,0.014834,1.1443e-61
rs72904737,A,0.995026,0.24833,0.014984,1.1306e-61
rs9701805,C,0.999326,0.2474,0.014784,7.7334e-63
rs10399644,T,0.999365,0.24666,0.014831,4.2743e-62
rs11205788,A,0.999249,0.24567,0.014832,1.3225e-61
rs12073279,G,0.999441,0.24651,0.014829,4.9023e-62
rs12076849,T,0.999037,0.24766,0.014789,6.2743e-63
rs1573012,C,0.99968,0.24694,0.014834,3.3502e-62
rs57957311,A,0.999597,0.24594,0.014829,9.2618e-62
rs72904745,G,0.999546,0.24597,0.014835,1.0089e-61
rs72904749,T,0.999483,0.24866,0.014798,2.3908e-63
rs12089041,T,0.999649,0.24845,0.014796,2.933e-63
rs140087721,C,0.999679,0.24692,0.014834,3.4225e-62
rs140468540,C,0.999679,0.24691,0.014834,3.4396e-62
rs57183177,G,0.99982,0.24677,0.014833,3.9213e-62
rs58813795,T,0.999334,0.24687,0.014837,3.8216e-62
rs59542416,C,0.99976,0.24681,0.014833,3.7582e-62
rs60244988,G,0.999325,0.24635,0.01483,5.9687e-62
rs12071359,A,0.999176,0.24835,0.014793,3.0774e-63
rs12074982,C,0.999519,0.24658,0.014836,5.188e-62
rs12078434,C,0.999412,0.2463,0.014836,7.0179e-62
rs12085666,G,0.997853,0.24829,0.014794,3.4042e-63
rs12095997,T,1,0.24734,0.014816,1.4964e-62
rs59097691,T,0.999456,0.24808,0.014796,4.4602e-63
rs59524047,A,0.999391,0.24704,0.014843,3.5323e-62
rs61115731,C,0.999287,0.24812,0.014797,4.3693e-63
rs72904771,G,0.999772,0.2468,0.014833,3.825e-62
rs112780433,T,0.997907,0.24462,0.014823,3.6772e-61
rs12089568,T,0.998653,0.24659,0.014842,5.6902e-62
rs59600829,T,0.9991,0.2471,0.014845,3.4375e-62
rs60048959,T,0.99917,0.24708,0.014845,3.4639e-62
rs60290409,A,0.998828,0.24652,0.01484,6.014e-62
rs76183105,A,0.997837,0.24686,0.014845,4.4472e-62
rs113836734,G,0.997851,0.24823,0.014794,3.6211e-63
rs12075888,T,0.998274,0.24643,0.014843,7.0304e-62
rs141780344,G,0.998517,0.24697,0.014841,3.6754e-62
rs72904788,G,0.998672,0.24697,0.01484,3.6312e-62
rs72904790,C,0.998047,0.24815,0.014793,3.9069e-63
rs77603669,T,0.998104,0.24803,0.014836,1.0095e-62
rs1043141,T,0.99646,0.24576,0.014881,2.9797e-61
rs12855,T,0.996192,0.24695,0.014835,3.3508e-62
rs3176447,A,0.991143,0.24709,0.015174,1.3377e-59
rs3176466,T,0.996786,0.24793,0.014809,6.865e-63
rs3176468,C,0.99683,0.246,0.014842,1.1061e-61
rs72904801,G,0.996431,0.24537,0.014856,2.9141e-61
rs57331401,A,0.998301,0.24646,0.014872,1.1479e-61
rs6694036,A,0.998361,0.24593,0.014867,1.919e-61
rs72906804,G,0.998049,0.24603,0.01487,1.7909e-61
rs72906805,A,0.998094,0.24601,0.014869,1.8086e-61
rs72906810,G,0.999473,0.24561,0.014859,2.3432e-61
rs10888713,T,0.998449,0.2454,0.014862,3.1326e-61
rs148262742,C,0.996536,0.24331,0.014772,6.1603e-61
rs72906818,G,0.996717,0.24343,0.014765,4.7388e-61
rs59225836,C,0.994041,0.24132,0.014794,8.4839e-60
rs72906827,G,0.994787,0.24142,0.014795,7.7039e-60
rs72906830,C,0.993212,0.24177,0.014794,5.1669e-60
rs113588455,A,0.995134,0.24081,0.014808,1.8868e-59
rs151226075,G,0.993166,0.24086,0.014804,1.6664e-59
rs59595057,G,0.993438,0.24028,0.014801,3.028e-59
rs61592460,A,0.994495,0.24045,0.014804,2.651e-59
rs72906839,A,0.993655,0.24132,0.014805,1.027e-59
rs72906845,T,0.995011,0.2408,0.014806,1.8409e-59
rs72906860,A,0.995497,0.24029,0.014804,3.1118e-59
rs34517439,A,0.971217,0.21638,0.013003,3.659e-62
rs10922475,A,0.99833,0.13423,0.008458,1.0632e-56
rs1002436,G,0.999462,0.13776,0.0084979,4.3799e-59
rs1002437,T,0.999017,0.13418,0.0084551,1.0603e-56
rs10922476,G,0.999104,0.13704,0.0084854,1.1852e-58
rs10922477,A,0.999413,0.13703,0.0084845,1.1566e-58
rs10922478,G,0.999258,0.13778,0.0084986,4.2785e-59
rs12145922,A,1,0.13708,0.008482,9.8086e-59
rs12751567,T,0.998938,0.13419,0.0084555,1.0472e-56
rs1565497,C,0.999608,0.13703,0.0084837,1.131e-58
rs1565498,G,0.999652,0.13702,0.0084835,1.1563e-58
rs3806340,T,0.998693,0.13695,0.0084876,1.4862e-58
rs4233334,T,0.998577,0.13453,0.0084563,5.7201e-57
rs4655883,C,0.998998,0.13418,0.0084552,1.0683e-56
rs4655884,C,0.998961,0.13419,0.0084554,1.0502e-56
rs7518750,C,0.999609,0.13701,0.0084837,1.1758e-58
rs923600,T,0.998812,0.13423,0.008456,9.9794e-57
rs59051938,T,0.990739,-0.21643,0.0097099,5.3943e-110
rs7513464,C,0.983722,-0.19279,0.009185,9.146e-98
rs7513580,A,0.984563,-0.19231,0.009187,3.0058e-97
rs12731372,T,0.990014,-0.21536,0.0098606,1.0911e-105
rs12738523,T,0.991077,-0.1905,0.0091346,1.5334e-96
rs61836347,A,0.998586,-0.21659,0.0096602,2.8092e-111
rs6674967,A,0.995332,-0.2164,0.0096861,1.6724e-110
rs9428104,G,0.996733,0.21548,0.0096557,2.9318e-110
rs17038164,C,1,-0.21755,0.0096487,1.6412e-112
rs17038182,C,1,-0.21659,0.0096523,1.8814e-111
rs35821398,A,0.999814,-0.21673,0.0096533,1.4316e-111
rs60804050,A,0.999623,-0.21674,0.0096624,2.2541e-111
rs7534091,G,0.99869,-0.21625,0.0095857,1.2301e-112
rs7536458,G,0.998808,-0.21613,0.0095853,1.6327e-112
rs10802024,T,0.997667,-0.18237,0.0092523,1.9108e-86
rs10923548,C,0.995491,0.13893,0.0086086,1.4069e-58
rs12083887,G,0.994702,0.1397,0.0086087,3.3648e-59
rs12735613,A,1,-0.20761,0.0098032,1.7324e-99
rs12752809,T,0.996846,-0.21125,0.0096885,2.4075e-105
rs2474946,C,0.997536,0.1826,0.0092512,1.1052e-86
rs2474947,G,0.997553,0.18262,0.0092511,1.0455e-86
rs4659079,G,0.998036,-0.1824,0.0092499,1.6086e-86
rs12746543,G,0.996536,-0.20575,0.0098366,4.2192e-97
rs2474944,C,0.997728,0.18225,0.00924,1.4518e-86
rs2493793,G,0.996934,0.1828,0.0092365,3.838e-87
rs2493795,A,0.99695,0.1835,0.0092318,6.9646e-88
rs34661019,A,0.996756,-0.20487,0.0098419,3.4476e-96
rs35750964,C,0.996489,-0.2059,0.0098362,2.9604e-97
rs12727617,T,0.996762,-0.20479,0.009842,4.0924e-96
rs147136248,A,0.996749,-0.20484,0.009842,3.6882e-96
rs28818483,G,0.996309,-0.20531,0.0098374,1.1038e-96
rs28838114,A,0.99672,-0.20477,0.009842,4.2745e-96
rs71670828,C,0.996532,-0.20561,0.0098373,5.7864e-97
rs17038218,T,0.996751,-0.2046,0.0098411,5.8753e-96
rs35043843,G,0.996729,-0.20453,0.009841,6.749e-96
rs35501033,C,0.996736,-0.2046,0.0098411,5.8791e-96
rs12734916,A,0.996764,-0.2044,0.0098407,8.8228e-96
rs35182733,T,0.996773,-0.20449,0.0098409,7.2838e-96
rs60560809,G,0.996701,-0.2045,0.0098408,7.1549e-96
rs11205277,G,1,0.21055,0.0084954,1.6542e-135
rs11205303,C,1,0.2412,0.0085924,3.0903e-173
rs6587723,C,0.950891,-0.18928,0.0087236,2.4406e-104
rs67807996,A,0.932906,0.23972,0.0088989,1.0345e-159
rs10218579,G,0.997081,-0.1516,0.0089671,4.2025e-64
rs12061795,T,0.997163,-0.15418,0.0089707,3.5089e-66
rs17346452,C,1,0.18712,0.0093613,7.5891e-89
rs17350579,T,1,0.18685,0.0093666,1.6735e-88
rs4540689,T,0.999026,0.18846,0.0093608,4.1715e-90
rs16843855,T,0.997966,0.18746,0.0093372,1.3021e-89
rs16843860,G,0.997457,0.18715,0.009338,2.5804e-89
rs17346473,G,1,0.18812,0.0093274,2.0198e-90
rs17350586,C,0.99798,0.18719,0.0093359,2.1757e-89
rs61807762,A,0.998791,0.18761,0.0093402,1.0606e-89
rs61807763,T,0.99819,0.18846,0.0093467,2.2371e-90
rs6694089,A,0.999382,0.18845,0.0093426,1.9223e-90
rs11584244,T,0.999612,0.1964,0.0091105,5.0911e-103
rs11584664,A,1,0.19613,0.0091098,9.2003e-103
rs11589349,T,0.997124,0.1966,0.0091211,5.3743e-103
rs2421985,C,0.997479,0.15861,0.0084534,1.6247e-78
rs2761183,T,0.996103,0.14251,0.0084643,1.366e-63
rs60077625,A,0.996675,0.19285,0.009087,6.5922e-100
rs61807784,G,0.996261,0.19668,0.0091722,6.0283e-102
rs733189,T,0.99595,0.15751,0.0084659,3.1465e-77
rs733190,C,0.996068,0.15712,0.0084649,7.0527e-77
rs733191,C,0.995985,0.15751,0.0084657,3.0693e-77
rs17277008,C,0.998045,0.19933,0.0090846,1.1852e-106
rs17277015,C,0.997976,0.19909,0.0090854,2.2107e-106
rs2819530,C,0.996329,0.14619,0.0084657,8.5751e-67
rs17361789,G,0.978595,0.20197,0.009112,8.4946e-109
rs495590,C,0.985711,0.14128,0.0085188,9.3512e-62
rs61807786,T,0.985184,0.19839,0.009258,7.986e-102
rs11584955,A,0.995787,0.19184,0.0091222,3.9301e-98
rs12129264,A,0.997205,0.19182,0.0091101,2.271e-98
rs12561946,G,0.965988,0.15436,0.0085973,4.7042e-72
rs17277127,T,0.994273,0.19199,0.0091282,3.6976e-98
rs17361886,A,0.99452,0.19181,0.0091266,5.1101e-98
rs17361920,C,0.996451,0.19224,0.0091128,9.6782e-99
rs2209096,C,0.995537,0.19206,0.0091176,1.8534e-98
rs537444,G,0.99261,0.1633,0.0085761,8.436e-81
rs554019,T,0.995996,0.16283,0.0085641,1.4202e-80
rs555798,G,0.996287,0.16284,0.0085614,1.2528e-80
rs579989,T,0.995248,0.16291,0.0085659,1.2806e-80
rs593688,A,0.995212,0.19207,0.0091155,1.6366e-98
rs615091,G,0.989574,0.1633,0.0085827,1.1088e-80
rs61807787,T,0.982921,0.19843,0.0092662,1.1103e-101
rs628479,A,0.99173,0.19286,0.0091322,6.0328e-99
rs640159,T,0.996313,0.16281,0.0085613,1.3267e-80
rs655853,C,0.993079,0.14109,0.0084719,2.9571e-62
rs672740,G,0.993682,0.14084,0.0084703,4.5828e-62
rs10489297,G,1,0.19115,0.0091003,6.5745e-98
rs12123837,C,0.998829,0.19256,0.0091078,3.6446e-99
rs12125882,T,0.995992,0.16273,0.0085615,1.6073e-80
rs12129806,A,0.998786,0.19121,0.0091033,6.6518e-98
rs17361955,T,0.997434,0.19178,0.0091104,2.5369e-98
rs2224782,C,0.997474,0.19157,0.009108,3.6539e-98
rs2819529,G,0.998963,0.16244,0.0085517,1.9975e-80
rs473629,A,0.996554,0.16282,0.0085607,1.2689e-80
rs479960,T,0.998515,0.16267,0.0085543,1.3602e-80
rs480988,A,0.998923,0.16249,0.0085521,1.851e-80
rs484686,G,0.996135,0.1363,0.0084488,1.5555e-58
rs532688,C,0.998311,0.14077,0.0084511,2.7879e-62
rs590567,C,0.997532,0.16242,0.008557,2.6349e-80
rs61807788,C,0.998922,0.19123,0.0091037,6.461e-98
rs633592,G,0.998767,0.14063,0.0084488,3.4529e-62
rs651032,A,0.998871,0.16248,0.0085521,1.882e-80
rs676081,A,0.999177,0.16285,0.0085555,9.4532e-81
rs10911257,T,0.999882,0.15746,0.0087213,7.7658e-73
rs112744418,A,0.999176,0.1926,0.0091107,3.8028e-99
rs11484597,G,0.999752,0.19267,0.009109,2.9436e-99
rs12126381,T,0.999445,0.19272,0.0091076,2.4684e-99
rs141468266,C,0.999251,0.16289,0.0085555,8.7008e-81
rs1746428,A,0.999649,0.16302,0.0085542,6.2002e-81
rs4394690,C,0.999808,0.19274,0.0091098,2.6279e-99
rs546751,C,0.999546,0.16297,0.0085539,6.8686e-81
rs552399,T,0.999637,0.16299,0.0085539,6.5087e-81
rs56138708,T,0.999297,0.19288,0.0091082,1.752e-99
rs569179,G,0.999437,0.16315,0.0085535,4.464e-81
rs583578,G,0.999263,0.16299,0.0085538,6.4587e-81
rs586745,A,0.999139,0.1632,0.008555,4.2553e-81
rs598562,T,0.999645,0.16294,0.0085541,7.3486e-81
rs629316,C,0.999209,0.16312,0.0085541,4.9098e-81
rs630656,C,0.998802,0.14126,0.0084498,1.0174e-62
rs631915,G,0.999256,0.16309,0.0085553,5.5523e-81
rs10911270,T,0.999551,0.19264,0.0091106,3.4234e-99
rs11589142,A,0.99904,0.19244,0.0091121,5.9135e-99
rs12135520,T,0.999568,0.19265,0.009109,3.1045e-99
rs2209098,C,0.999816,0.19276,0.0091094,2.4803e-99
rs2421990,T,0.998616,0.19279,0.0091132,2.7377e-99
rs2421991,T,0.998207,0.19275,0.0091135,3.0611e-99
rs508742,C,0.998081,0.14092,0.008454,2.3082e-62
rs55935473,G,0.997813,0.19282,0.0091151,2.8087e-99
rs572802,T,1,0.16279,0.0085539,1.0062e-80
rs589209,C,0.994635,0.14063,0.0084673,6.3193e-62
rs589245,G,0.983073,0.16302,0.008608,5.9273e-80
rs59760198,T,1,0.15731,0.0087209,1.0444e-72
rs681398,A,0.997931,0.14081,0.0084542,2.8736e-62
rs683128,G,0.997393,0.16297,0.0085625,9.8682e-81
rs687041,G,0.999444,0.14078,0.008448,2.4695e-62
rs688451,A,0.999667,0.16296,0.0085541,6.9906e-81
rs7535241,A,0.998076,0.19275,0.0091149,3.3183e-99
rs10489293,G,0.96038,0.19871,0.0094918,2.8659e-97
rs10911299,G,0.973834,0.1423,0.008547,3.2141e-62
rs17277372,G,0.95652,0.19536,0.0094768,2.2691e-94
rs511206,A,0.969893,0.16086,0.0088639,1.4305e-73
rs55656112,C,0.997646,0.23738,0.010317,4.5565e-117
rs633995,A,0.961674,0.16551,0.0087037,1.3381e-80
rs6689455,G,0.971523,0.1424,0.0085554,3.4916e-62
rs678962,G,1,0.23448,0.010283,4.9666e-115
rs912299,A,0.959617,0.16595,0.0087135,7.7967e-81
rs10752914,A,0.99927,0.23789,0.010307,8.657e-118
rs10797881,T,0.999038,0.2379,0.010307,8.3105e-118
rs10911323,A,0.999371,0.23821,0.010307,4.1435e-118
rs10911326,A,0.999371,0.23782,0.010305,8.92e-118
rs10911335,C,0.996829,0.23801,0.010338,3.3201e-117
rs10911336,C,0.995383,0.23782,0.010355,1.1768e-116
rs10911338,C,0.999349,0.23787,0.010305,7.9259e-118
rs10911341,T,0.999396,0.23764,0.010306,1.4463e-117
rs12063247,A,0.999401,0.2377,0.010307,1.2755e-117
rs12073843,A,0.999333,0.23775,0.010307,1.1551e-117
rs12402966,A,1,0.23626,0.010286,1.126e-116
rs12410143,C,0.999118,0.23811,0.010307,5.1676e-118
rs12410416,C,0.999146,0.23808,0.010307,5.4803e-118
rs12411264,A,0.999348,0.23792,0.010304,6.887e-118
rs41516352,T,0.999077,0.23804,0.010308,6.4039e-118
rs477289,C,0.996683,0.18606,0.0097771,1.0222e-80
rs479336,G,1,0.18701,0.0097821,1.9603e-81
rs6686115,G,0.995585,0.23452,0.010322,3.173e-114
rs6686118,T,0.995509,0.23494,0.010325,1.5079e-114
rs6701414,A,0.999563,0.23752,0.010307,1.9923e-117
rs72721163,C,0.999482,0.23711,0.010296,2.8625e-117
rs10911356,G,0.998511,0.23857,0.010304,1.6083e-118
rs12402426,G,0.998996,0.23418,0.010273,6.0845e-115
rs12402454,C,0.99853,0.23476,0.010272,1.5027e-115
rs12403844,G,0.999152,0.23542,0.010272,3.4499e-116
rs1317394,C,0.998457,0.23907,0.010313,8.2612e-119
rs16844126,C,1,0.23803,0.010292,2.8086e-118
rs2289635,A,0.998489,0.23923,0.010314,6.0287e-119
rs4072117,C,0.998495,0.23861,0.010304,1.4585e-118
rs6676836,T,0.999589,0.23822,0.010295,2.132e-118
rs74225369,T,0.999763,0.23811,0.010294,2.6458e-118
rs10489289,C,0.998475,0.23568,0.010274,2.1553e-116
rs10489290,A,0.998611,0.23891,0.010303,6.9e-119
rs10489291,C,0.998581,0.23885,0.010303,8.1482e-119
rs10489292,C,0.999806,0.23837,0.010293,1.3919e-118
rs10797902,T,0.993759,0.23816,0.01035,4.3142e-117
rs10911387,C,0.997744,-0.1876,0.0097866,7.2648e-82
rs10911394,G,0.999628,0.23831,0.010294,1.6704e-118
rs11583757,A,0.999284,0.23851,0.010295,1.1144e-118
rs12075079,G,0.999545,0.23842,0.010294,1.3427e-118
rs16844128,G,0.99978,0.23814,0.010294,2.4046e-118
rs16844133,C,0.999803,0.23813,0.010293,2.4009e-118
rs16844134,C,0.999875,0.23811,0.010293,2.4853e-118
rs4382763,A,0.998288,0.23854,0.010304,1.7007e-118
rs6678749,T,0.999815,0.23833,0.010293,1.4999e-118
rs72721175,G,0.981411,0.25407,0.011292,4.8359e-112
rs10911433,A,0.999124,0.23851,0.010295,1.145e-118
rs12082431,C,0.997943,0.23566,0.010272,2.1227e-116
rs12567175,A,0.999224,0.23845,0.010295,1.3042e-118
rs2422074,C,0.997757,0.23564,0.010271,2.094e-116
rs2422075,C,0.999019,0.23857,0.010295,9.7845e-119
rs56682471,T,0.997937,0.23573,0.010272,1.8089e-116
rs6701929,G,0.998155,-0.18977,0.0098088,2.352e-83
rs11808940,A,0.995948,-0.18759,0.0097926,9.3263e-82
rs12409279,C,0.997501,0.238,0.01029,2.8e-118
rs2586389,A,0.996168,0.18828,0.009796,2.7225e-82
rs7550558,G,0.996286,0.18794,0.0097933,4.8058e-82
rs10911502,C,0.996682,0.18532,0.0096015,5.7378e-83
rs10911504,C,0.997313,0.23741,0.0103,1.8013e-117
rs12563643,G,0.998307,0.23682,0.010298,5.7529e-117
rs2586392,C,0.995991,0.18758,0.0097943,1.0049e-81
rs2586394,T,0.996501,0.19021,0.0098167,1.335e-83
rs2586401,C,0.997267,0.18451,0.0096004,2.7666e-82
rs2586403,C,0.997225,0.18472,0.0096007,1.8332e-82
rs2586404,C,0.996293,0.1832,0.0095881,2.3544e-81
rs3850639,C,0.996342,0.236,0.010277,1.2729e-116
rs3850640,C,0.996357,0.23597,0.010277,1.3673e-116
rs3895277,A,0.996198,0.23588,0.010278,1.7441e-116
rs72721182,C,0.997594,0.23825,0.0103,2.7184e-118
rs16844255,T,0.998349,0.23684,0.0103,6.1675e-117
rs2586407,G,0.998906,0.18488,0.0095936,1.0139e-82
rs2586408,A,0.998888,0.18483,0.0095933,1.0996e-82
rs2586410,T,0.99964,0.18466,0.0095911,1.4402e-82
rs2586411,G,1,0.18443,0.00959,2.186e-82
rs2586412,C,0.999477,0.18473,0.0095925,1.3169e-82
rs2586413,C,0.999321,0.18476,0.0095931,1.2737e-82
rs2757493,C,0.999717,0.18469,0.0095909,1.3244e-82
rs2757495,C,0.999437,0.18467,0.0095921,1.4627e-82
rs72721197,T,0.998119,0.23673,0.010298,7.0723e-117
rs12402792,G,0.996905,0.23664,0.01031,1.5715e-116
rs12404267,T,0.997099,0.23664,0.010303,1.1469e-116
rs2421994,A,0.997247,0.23673,0.010302,8.8306e-117
rs2757496,T,0.996838,0.18232,0.0095862,1.2789e-80
rs4484957,T,0.998122,0.23667,0.010301,9.3827e-117
rs60866522,C,0.996276,0.23403,0.010281,1.2447e-114
rs12404490,G,0.994997,0.23665,0.010303,1.1187e-116
rs11585706,G,0.937466,0.16917,0.0096826,2.4697e-68
rs12034440,A,0.973209,0.16798,0.0095149,9.979e-70
rs12039027,C,0.94219,0.16782,0.0096724,2.0663e-67
rs12049422,T,0.940441,0.16778,0.0096877,3.549e-67
rs6682381,T,0.979041,0.1784,0.0094308,9.0123e-80
rs72723204,C,0.938076,0.2306,0.010455,9.3784e-108
rs10913200,A,1,-0.40612,0.025274,4.3771e-58
rs10732997,A,0.997911,0.14566,0.0084942,6.766e-66
rs12035200,A,0.997273,0.13483,0.0084674,4.5489e-57
rs1325596,A,0.998583,0.146,0.0084903,2.987e-66
rs1325598,G,1,0.14553,0.0084895,7.5221e-66
rs6659744,A,0.998506,0.14568,0.00849,5.6321e-66
rs7544010,G,0.997791,0.13466,0.0084659,5.9668e-57
rs1014719,T,0.997389,0.14581,0.0084938,4.9797e-66
rs10798483,A,0.997735,0.14587,0.0084928,4.1934e-66
rs1044252,C,0.993824,0.14376,0.0085191,7.2014e-64
rs1044299,T,0.99495,0.14696,0.0084988,5.6991e-67
rs10753139,C,0.996225,0.14654,0.0084959,1.2126e-66
rs10753140,T,0.997543,0.14069,0.0085165,2.7518e-61
rs10753141,C,0.998001,0.14059,0.008517,3.4356e-61
rs10798484,T,0.995246,0.13564,0.0084723,1.1386e-57
rs2038114,C,0.997927,0.14062,0.0085177,3.2582e-61
rs2223487,A,0.995884,0.13492,0.0084708,4.1962e-57
rs6681309,T,0.998667,0.14069,0.0085129,2.4713e-61
rs1014712,A,0.999632,0.14061,0.0085089,2.499e-61
rs10913262,A,0.999019,0.14051,0.0085109,3.2816e-61
rs1154591,T,0.998987,0.14053,0.0085104,3.102e-61
rs12025276,T,0.999335,0.14061,0.0085105,2.6363e-61
rs1335,C,0.999504,0.14072,0.0085099,2.1185e-61
rs2179391,T,1,0.14069,0.0085095,2.1935e-61
rs2206317,T,0.999462,0.14049,0.0085102,3.3211e-61
rs968285,C,0.999447,0.14066,0.0085096,2.3574e-61
rs10911493,C,0.988503,0.18939,0.010235,2.0614e-76
rs12128716,A,0.989502,0.18971,0.010231,1.0192e-76
rs57178358,A,0.987773,0.18929,0.010241,3.0253e-76
rs60057466,G,0.987894,0.18892,0.010237,5.1805e-76
rs10752929,C,0.997216,0.1852,0.010412,9.4246e-71
rs10797935,T,0.99721,0.18614,0.010432,3.432e-71
rs10797936,A,0.997344,0.18619,0.01043,2.9838e-71
rs10911497,T,0.997577,0.18432,0.010413,4.3491e-70
rs10911499,A,0.997252,0.1849,0.010419,1.9047e-70
rs114661926,G,0.987488,0.22169,0.0091092,9.5717e-131
rs12133608,A,0.99889,0.18456,0.010411,2.71e-70
rs1926875,A,0.999309,0.18455,0.010409,2.5951e-70
rs4651165,T,0.99883,0.18589,0.010423,4.0167e-71
rs74767794,G,0.98889,0.22532,0.0091162,8.7402e-135
rs756199,G,1,0.18444,0.010406,2.902e-70
rs9332418,T,0.998886,0.18471,0.010412,2.1403e-70
rs10494574,A,0.988572,0.22522,0.0088803,8.4755e-142
rs10797937,G,0.99923,0.22738,0.0088573,3.1149e-145
rs12022430,G,0.990614,0.22634,0.0088912,7.5151e-143
rs12029527,A,0.991504,0.22634,0.0088853,4.8114e-143
rs12044334,C,0.992967,0.22632,0.0088786,3.1967e-143
rs12047271,C,0.99058,0.22629,0.0088852,5.5514e-143
rs1327123,C,0.996331,0.22664,0.0088616,3.5982e-144
rs1327124,G,0.978435,0.22716,0.008881,3.3718e-144
rs1926872,C,0.999226,0.22739,0.0088573,2.9775e-145
rs1926874,T,0.989518,0.22627,0.0088837,5.3731e-143
rs3814333,T,0.98913,0.2257,0.0091258,6.0195e-135
rs4650650,G,0.990975,0.22624,0.0088781,3.8841e-143
rs1046934,C,1,0.22694,0.0088507,6.7208e-145
rs10797938,A,0.999585,0.2274,0.0088651,5.2096e-145
rs2274432,A,1,0.22624,0.008869,1.9567e-143
rs1952256,G,0.996908,0.2281,0.0088729,1.2156e-145
rs10911505,C,0.995013,0.20444,0.0087836,9.3466e-120
rs1327144,C,1,0.14015,0.008441,6.9051e-62
rs971572,A,0.996939,0.20239,0.0087526,3.1395e-118
rs12119506,G,0.996366,0.20164,0.0087534,2.4029e-117
rs12126950,G,0.996286,0.20168,0.0087537,2.1945e-117
rs12409700,A,0.996145,0.2002,0.0087618,1.7585e-115
rs10911512,G,0.996738,0.20032,0.0087611,1.2117e-115
rs9783049,G,0.996108,0.19993,0.0087605,3.2654e-115
rs10911517,G,0.996729,0.20049,0.0087621,8.3576e-116
rs10911518,A,0.996786,0.20049,0.0087617,8.0909e-116
rs2113795,A,1,0.19488,0.0088605,3.6883e-107
rs1409814,G,0.991513,0.19838,0.0087696,3.0641e-113
rs1148764,A,0.947436,0.19439,0.0089874,1.0768e-103
rs1148765,A,0.948326,0.19452,0.0089823,6.0425e-104
rs12134464,C,0.980837,0.20011,0.008818,5.9802e-114
rs59795179,C,0.963289,0.15153,0.0092394,1.9966e-60
rs67913556,T,0.98353,0.15333,0.0091021,1.1786e-63
rs72735612,T,0.997284,0.15137,0.0090439,7.3199e-63
rs12123933,G,1,0.1497,0.0090381,1.3498e-61
rs1887295,T,0.996572,0.15071,0.0090552,3.5164e-62
rs6690187,A,0.997531,0.15074,0.0090501,2.8307e-62
rs7527771,T,0.998224,0.15109,0.0090426,1.1867e-62
rs7527953,T,0.998251,0.15119,0.0090426,9.868e-63
rs11466399,A,0.994973,0.1959,0.0093496,1.9752e-97
rs12048049,G,0.998913,0.19589,0.0093265,6.7288e-98
rs12048582,T,0.995511,0.16855,0.01027,1.6392e-60
rs1342586,T,0.997751,0.16874,0.010258,8.9038e-61
rs1934852,T,0.998931,0.19588,0.0093272,7.1061e-98
rs4846478,G,0.999029,0.17722,0.0094998,1.2366e-77
rs4846479,T,0.999177,0.17713,0.0094987,1.3938e-77
rs4846480,T,0.999174,0.17714,0.0094987,1.3926e-77
rs4846481,T,0.999504,0.19568,0.0093301,1.2764e-97
rs6657275,G,0.998937,0.19583,0.0093268,7.8451e-98
rs6658473,T,0.999235,0.17734,0.0094989,9.3956e-78
rs6668651,T,0.998942,0.19582,0.0093268,8.0458e-98
rs6671370,A,0.998709,0.19585,0.0093261,7.2113e-98
rs72738830,A,0.997318,0.16889,0.010263,7.8488e-61
rs10482792,A,0.999358,0.1775,0.0094989,6.7837e-78
rs10482795,A,0.999766,0.19609,0.0093299,5.1084e-98
rs10482796,C,0.998565,0.16911,0.010267,6.1739e-61
rs1418553,T,0.999879,0.19597,0.00933,6.7178e-98
rs1890994,T,0.998288,0.1692,0.01027,5.8089e-61
rs1890995,A,0.999201,0.17767,0.0094968,4.5309e-78
rs6684205,G,1,0.19595,0.0093292,6.7665e-98
rs900,T,0.999277,0.17684,0.0095017,2.7597e-77
rs9308385,C,0.998582,0.16891,0.010268,8.8012e-61
rs991967,C,0.999733,0.19583,0.0093303,9.216e-98
rs10429950,C,0.995593,0.1765,0.0095164,9.1911e-77
rs1046017,G,0.99943,0.19556,0.009333,1.9239e-97
rs12023953,C,0.995686,0.16887,0.010288,1.5575e-60
rs12032375,T,0.997975,0.19545,0.0093399,3.4483e-97
rs1342590,T,0.998145,0.19528,0.0093409,5.2281e-97
rs1473526,C,0.997129,0.17667,0.0095116,5.5308e-77
rs1473527,A,0.995029,0.19534,0.0093444,5.4295e-97
rs2015850,G,0.992328,0.1763,0.0095481,4.2793e-76
rs6657698,A,0.99584,0.17633,0.0095164,1.2877e-76
rs6683598,T,0.998845,0.19555,0.0093359,2.2851e-97
rs6704255,A,0.998925,0.19535,0.0093371,3.7934e-97
rs72738834,G,0.995619,0.16874,0.010286,1.8512e-60
rs7515360,A,0.995411,0.17594,0.0095193,3.0611e-76
rs7549303,G,0.995453,0.17642,0.0095171,1.0983e-76
rs1108548,G,0.989613,0.18899,0.0094623,1.0413e-88
rs1318580,C,0.993706,0.19292,0.0093688,3.5759e-94
rs1797069,G,0.993954,0.1744,0.0095459,1.5318e-74
rs1797070,A,0.994266,0.17421,0.0095442,2.0711e-74
rs4846483,A,0.994137,0.17429,0.009545,1.8372e-74
rs6604614,G,0.993701,0.19284,0.00937,4.52e-94
rs6604615,G,0.990244,0.17102,0.0096442,2.4689e-70
rs6666381,A,0.994204,0.19485,0.0093484,1.9735e-96
rs7512679,T,0.989675,0.17071,0.0096479,4.9209e-70
rs10799420,T,0.995888,-0.18849,0.01073,4.6297e-69
rs10916150,A,0.995476,-0.18837,0.010729,5.4785e-69
rs10799421,G,0.996776,-0.18894,0.010728,2.0883e-69
rs1495850,A,0.996022,0.18907,0.010725,1.5374e-69
rs2814086,C,0.996758,0.18871,0.010721,2.4805e-69
rs2819522,A,1,0.18429,0.010513,8.9198e-69
rs61833893,G,0.995783,-0.18841,0.010725,4.6938e-69
rs61833894,A,0.995744,-0.1885,0.010726,4.0813e-69
rs9628651,C,0.995592,-0.18847,0.010724,4.0871e-69
rs1390403,A,0.992927,0.18879,0.01074,3.8631e-69
rs2819524,A,0.994401,0.18979,0.010726,4.9623e-70
rs7549565,T,0.986119,-0.18305,0.010539,1.4869e-67
rs951084,A,0.996353,-0.19263,0.010884,4.5527e-70
rs10916154,C,0.996629,-0.19244,0.010883,6.0998e-70
rs61835260,C,0.996401,-0.19243,0.010885,6.4595e-70
rs6702653,G,0.996507,-0.19252,0.010884,5.4138e-70
rs10799422,T,0.996882,-0.19166,0.010881,2.0001e-69
rs10916157,G,0.996868,-0.19136,0.01088,3.17e-69
rs6689375,T,0.994399,-0.19089,0.010867,4.7353e-69
rs6692376,A,0.996917,-0.19139,0.010879,2.983e-69
rs7418348,C,0.99681,-0.19132,0.010881,3.5175e-69
rs10916160,G,0.997012,-0.19137,0.01088,3.1341e-69
rs10916161,C,0.997813,-0.18723,0.010768,1.0737e-67
rs11590390,A,0.997083,-0.19056,0.01088,1.1808e-68
rs12084072,A,0.993864,-0.1826,0.010664,1.0625e-65
rs1495848,A,0.998247,0.18731,0.010766,8.924e-68
rs74140304,C,0.997198,-0.19165,0.010879,1.9698e-69
rs7538893,A,0.997156,-0.19151,0.010879,2.467e-69
rs7551788,T,0.997346,-0.19093,0.010873,5.2686e-69
rs903691,C,0.997377,0.18811,0.010781,3.7045e-68
rs10916162,A,0.997345,-0.1909,0.010873,5.4552e-69
rs10916163,A,0.998214,0.18742,0.010766,7.4276e-68
rs12092054,G,0.997427,-0.19076,0.010873,6.9141e-69
rs12093031,C,0.997367,-0.19081,0.010873,6.3904e-69
rs12116848,A,0.997397,-0.19095,0.010873,5.1016e-69
rs12123996,T,0.997388,-0.1908,0.010873,6.4909e-69
rs1845757,C,0.998218,0.18734,0.010766,8.5041e-68
rs6696239,A,0.998444,-0.19215,0.010695,3.7707e-72
rs74579475,C,0.997151,-0.1911,0.010872,3.8854e-69
rs10799424,A,0.997166,-0.19225,0.01069,2.7172e-72
rs10916166,G,0.998098,-0.19548,0.010791,2.5665e-73
rs10916167,A,0.998806,-0.19564,0.010793,2.0549e-73
rs113835545,A,0.99883,-0.19238,0.010692,2.3651e-72
rs57158394,T,0.998808,-0.19238,0.010692,2.3696e-72
rs59885016,A,0.990617,-0.23126,0.011659,1.5913e-87
rs1995019,G,0.999638,-0.19238,0.010687,2.0478e-72
rs3942992,G,0.999737,0.19234,0.010685,2.0416e-72
rs6672530,C,0.999664,-0.19238,0.010687,2.0459e-72
rs6698409,T,0.999399,-0.19233,0.010687,2.1667e-72
rs12129894,T,0.996532,-0.19651,0.010781,3.2739e-74
rs12131114,G,0.997283,-0.19321,0.010679,3.8386e-73
rs12140813,T,0.996614,-0.19653,0.010781,3.2425e-74
rs12140848,G,0.996612,-0.19653,0.010781,3.2249e-74
rs2172936,T,0.999721,-0.19237,0.010687,2.0258e-72
rs7549475,A,0.999014,-0.19565,0.01079,1.8844e-73
rs10753436,G,0.999577,-0.19242,0.010687,1.8558e-72
rs10916173,C,0.999767,-0.19233,0.010686,2.1396e-72
rs2999742,T,0.999272,-0.19237,0.010686,1.9581e-72
rs9726691,A,0.999731,-0.19236,0.010686,2.0521e-72
rs10799428,T,0.998531,-0.19521,0.0108,5.2715e-73
rs10916174,A,0.990965,-0.23008,0.011634,5.1021e-87
rs11581704,T,0.998811,-0.19388,0.010516,7.0302e-76
rs1390401,G,1,-0.19277,0.010685,9.9595e-73
rs6656661,T,0.999354,-0.19251,0.010687,1.6277e-72
rs6669277,A,0.998708,-0.19569,0.010793,1.8821e-73
rs6694427,T,0.999256,-0.19229,0.010689,2.4857e-72
rs10753437,C,0.997916,-0.19728,0.010613,4.2965e-77
rs12119889,C,0.998624,-0.19407,0.010517,5.2256e-76
rs12120182,A,0.998189,-0.19706,0.010611,5.9132e-77
rs6659349,T,0.998735,-0.19397,0.010516,6.1465e-76
rs6669236,T,0.998211,-0.19706,0.010611,5.8713e-77
rs6679855,C,0.998609,-0.19407,0.010517,5.1911e-76
rs10916180,C,0.998812,-0.19455,0.010515,2.0928e-76
rs10916189,T,0.999245,-0.19512,0.010522,9.8203e-77
rs12081818,T,0.998459,-0.19454,0.010517,2.2698e-76
rs12129704,T,0.991563,-0.19799,0.010688,1.4193e-76
rs12137233,A,0.991377,-0.19815,0.01069,1.1366e-76
rs6659012,A,0.999558,-0.19519,0.010524,9.2349e-77
rs10799437,G,0.999757,-0.19533,0.010524,7.2995e-77
rs28446171,A,1,-0.19502,0.010524,1.2487e-76
rs61824940,T,0.999951,-0.19522,0.010524,8.757e-77
rs6678802,A,0.999832,-0.19534,0.010525,7.1912e-77
rs7521812,A,0.999951,-0.19524,0.010524,8.4691e-77
rs1045407,G,0.999314,-0.19553,0.010522,4.6697e-77
rs12133625,T,0.999699,-0.19548,0.010525,5.6422e-77
rs6426470,A,0.99913,-0.19554,0.010531,6.1118e-77
rs6426471,T,0.999062,-0.19552,0.01053,6.2377e-77
rs6691443,T,0.999238,-0.19553,0.01053,6.0676e-77
rs7540754,A,0.99013,-0.23401,0.011239,3.132e-96
rs6426472,C,0.956245,-0.20065,0.011041,8.7847e-74
rs7531801,A,0.954708,-0.20058,0.011056,1.5495e-73
rs7553531,A,0.956293,-0.19999,0.011037,2.3531e-73
rs10916195,T,0.99884,-0.19561,0.010528,4.9237e-77
rs12124388,T,0.999262,-0.19542,0.010525,6.363e-77
rs7536661,A,0.999252,-0.19542,0.010525,6.4289e-77
rs7538206,T,0.999195,-0.19535,0.010526,7.5057e-77
rs7540382,C,0.999186,-0.19534,0.010526,7.552e-77
rs58180578,C,0.998996,-0.19507,0.010531,1.4221e-76
rs7535946,C,0.999026,-0.19507,0.010523,1.1032e-76
rs10916199,G,0.998143,-0.19821,0.010628,1.34e-77
rs11576992,G,0.999285,-0.19551,0.010524,5.191e-77
rs12058246,T,0.998994,-0.19551,0.010524,5.1087e-77
rs12138198,T,0.999238,-0.19554,0.010524,4.9676e-77
rs12138229,A,0.999241,-0.19554,0.010524,4.9722e-77
rs10799444,G,0.999329,-0.19554,0.010523,4.8583e-77
rs10799445,C,0.99994,-0.16976,0.009924,1.4064e-65
rs12097239,A,1,-0.16974,0.009924,1.4542e-65
rs11588850,G,0.991855,-0.23463,0.011247,1.313e-96
rs3088389,A,0.998643,-0.16956,0.0099239,1.984e-65
rs6664307,T,0.99852,-0.16964,0.0099247,1.7759e-65
rs12077397,T,0.997264,-0.1713,0.010007,1.1466e-65
rs10916204,C,0.995273,-0.1712,0.010015,1.7227e-65
rs11580196,G,0.992672,-0.23421,0.011232,1.6319e-96
rs12073225,G,0.995223,-0.17142,0.010015,1.1718e-65
rs12141801,T,0.99145,-0.17023,0.0099892,4.2273e-65
rs10916208,C,1,-0.19668,0.01131,1.026e-67
rs17119503,C,0.987226,-0.0068567,0.023244,0.768
rs76287070,T,0.942204,-0.24194,0.33819,0.47435
rs182634951,T,0.777012,-0.43304,0.34855,0.21408
rs564775840,C,0.85011,-0.33202,0.16157,0.039883
rs200349725,A,0.398227,0.16952,0.16005,0.28951
rs16848496,A,0.818437,0.24304,0.19726,0.21792
rs569617591,A,0.770094,0.14332,0.20174,0.47744
rs759127877,A,0.641978,0.53944,0.38935,0.1659
rs138682610,T,0.882769,-0.044131,0.11455,0.70004
rs12064025,G,0.985503,0.015474,0.01626,0.34127
rs769372134,G,0.735312,-0.14857,0.39253,0.70506
rs1930580,A,0.993989,-0.031512,0.027827,0.25744
rs573832402,A,0.716905,-0.64905,0.49155,0.1867
rs115372207,G,0.958809,-1.6333,0.91657,0.074755
rs535501415,G,0.897558,-0.074795,0.14678,0.61035
rs56158070,G,0.994194,-0.00036528,0.017632,0.98347
rs74693929,G,0.901896,-0.090851,0.17757,0.6089
rs60859377,G,0.993347,-0.0025837,0.013367,0.84673
rs115701674,A,0.931554,0.9225,0.7056,0.19108
rs1779283,A,0.999552,0.020924,0.0087928,0.017329
rs536274431,T,0.72926,-0.12276,0.29732,0.67968
rs78219697,T,0.984766,-0.0045955,0.018946,0.80835
rs142255812,A,0.873847,0.14484,0.051125,0.0046094
rs75156633,T,0.854252,1.3434,1.1477,0.24178
rs12064249,G,0.996862,-0.0024279,0.011597,0.83417
rs188000143,A,0.913653,0.58236,2.1626,0.78771
rs141214807,A,0.783103,0.053118,1.807,0.97655
rs536545808,T,0.597995,0.017052,0.25383,0.94644
rs76274906,A,0.500348,-0.24799,1.4958,0.86832
rs187052191,T,0.827293,-0.00043898,0.35723,0.99902
rs563907172,T,0.451988,0.2159,0.21529,0.31594
rs79413137,T,0.86293,0.21753,1.9879,0.91286
rs115722883,T,0.889383,1.5517,2.227,0.48596
rs78325493,C,0.84016,-0.50275,0.67842,0.45866
rs6540739,G,0.992281,0.038344,0.0085567,7.4255e-06
rs778396133,A,0.838858,-0.17761,0.25028,0.47792
rs117354425,G,0.901538,-0.099193,0.17143,0.56284
rs2860218,A,0.863441,-0.20457,0.23006,0.37388
rs6698674,G,0.998783,0.0073669,0.013691,0.59052
rs544201366,C,0.708917,0.049591,0.1995,0.80369
rs1846946,C,0.98889,0.030288,0.00913,0.00090875
rs74124383,A,0.930131,-0.016906,0.17901,0.92476
rs560518235,A,0.842642,0.20987,0.18797,0.2642
rs76092787,C,0.950697,-0.4665,0.72441,0.51959
rs749034918,C,0.473987,0.17128,0.3096,0.5801
rs141095823,A,0.564587,0.29986,0.65755,0.64838
rs542386220,T,0.885774,0.066439,0.08878,0.45425
rs115322008,A,0.674128,-1.3961,4.7133,0.76708
rs745903000,A,0.796514,0.49086,0.19928,0.01377
rs78707166,C,0.896012,-0.12512,0.21614,0.56265
rs181558274,T,0.726129,0.04803,0.096182,0.61752
rs4342859,C,0.774173,-1.2003,1.0631,0.25889
rs645441,G,0.987876,0.016435,0.0088349,0.062862
rs533604918,C,0.884619,-1.3059,9.2885,0.88819
rs115300075,C,0.86779,-1.1877,0.97411,0.22275
rs369598480,A,0.683261,-0.30486,0.28865,0.29089
rs7522835,T,0.99741,0.04078,0.015049,0.0067319
rs181388584,C,0.729225,-0.40278,0.34181,0.23864
rs114643589,A,0.911567,-0.036128,0.23113,0.87579
rs17878454,C,1,-0.013678,0.010881,0.20872
rs145471964,C,0.950684,0.1049,0.067115,0.11807
rs142064675,A,0.960717,-0.96319,0.6828,0.15835
rs150915101,T,0.695151,0.40223,0.31291,0.19865
rs546347460,C,0.441926,-0.047991,0.35717,0.89311
rs186325774,A,0.805627,0.056821,0.17539,0.74596
rs74074587,G,0.780608,0.48017,0.6615,0.46791
rs767166739,C,0.938935,0.11148,0.17875,0.53283
rs182201983,C,0.883087,0.043101,0.086589,0.61865
rs60794427,G,0.84064,0.024187,0.67546,0.97144
rs149190569,T,0.959212,1.0681,2.7146,0.69398
rs113421143,A,0.706257,-0.82927,0.45779,0.070068
rs571717888,T,0.618866,0.6067,0.36686,0.098176
rs11589106,G,0.997458,-0.016903,0.022112,0.44461
rs143004355,T,0.898094,-0.01445,0.060694,0.81182
rs150331732,A,0.823553,0.20629,0.45245,0.64844
rs11549708,A,0.989638,0.043291,0.0097418,8.8377e-06
rs116286229,T,0.945699,0.72651,0.38082,0.056423
rs116440770,G,0.994043,0.080807,0.027507,0.0033071
rs75888275,G,0.997408,-0.035026,0.01582,0.026832
rs111724720,T,0.94711,0.011242,0.022634,0.61941
rs79199981,G,0.912293,-0.34362,0.56426,0.54254
rs12136923,A,0.757925,0.0062446,0.012143,0.60708
rs754324124,T,0.502649,-0.027931,0.21477,0.89653
rs185848622,T,0.9667,0.030923,0.057963,0.59369
rs139524050,T,0.917403,0.094479,1.6245,0.95362
rs533481062,T,0.782361,0.74683,1.1018,0.49789
rs539087709,C,0.649828,-0.64324,0.77422,0.40607
rs145235822,A,0.826609,-0.15234,0.15665,0.33083
rs533080175,G,0.948943,0.25197,0.22367,0.25994
rs185426821,C,0.930066,0.010088,0.061456,0.86961
rs79950126,T,0.975485,-0.0010971,0.012434,0.92969
rs762963582,A,0.733399,-0.3374,0.29386,0.2509
rs575009843,T,0.876269,0.60359,1.0599,0.56903
rs139572818,C,0.989203,-0.070461,0.043115,0.10221
rs617053,A,0.989717,-0.017313,0.0096821,0.07375
rs11240525,A,0.991424,-0.025565,0.011759,0.029695
rs559219651,G,0.911413,0.18065,0.19053,0.34306
rs778074217,T,0.651022,0.57049,0.51165,0.26485
rs114972568,G,0.823573,0.68572,1.9762,0.7286
rs777419416,G,0.781099,0.66055,0.32997,0.045305
rs550333376,G,0.872964,0.0040208,0.15754,0.97964
rs551386670,A,0.840012,0.25136,0.27791,0.36575
rs12138129,G,1,0.0024649,0.024684,0.92046
rs761087397,C,0.958967,0.028343,0.11039,0.79737
rs3917700,C,0.851608,-2.0212,2.111,0.33834
rs7532110,A,0.996115,-0.044699,0.010596,2.4598e-05
rs560547673,C,0.872297,-0.15032,0.1839,0.4137
rs562332178,G,0.6873,1.2476,0.67221,0.063464
rs73105520,C,0.855397,-0.31127,0.32626,0.34005
rs151069904,A,0.654662,-1.0889,0.81862,0.18348
rs756221331,A,0.686083,-0.19937,0.38468,0.60426
rs185085573,A,0.764548,-0.01732,0.12657,0.89116
rs67981315,T,0.999179,-0.0069788,0.0092473,0.45044
rs750700171,A,0.414038,0.53281,0.48521,0.27215
rs114608116,C,0.995106,0.12607,0.02827,8.2164e-06
rs144330171,A,0.92456,-0.019912,0.085208,0.81522
rs10753041,T,0.999485,-0.0114,0.010321,0.26936
rs759522048,A,0.757305,-0.16568,0.22491,0.46134
rs12738310,C,0.989635,0.0018021,0.013018,0.8899
rs74123672,A,0.76013,-0.1024,0.59151,0.86257
rs565742717,T,0.902654,0.082626,0.22549,0.71405
rs4839148,T,0.981817,0.016,0.015109,0.28964
rs189241,G,0.994645,-0.02111,0.0085307,0.013341
rs769676777,A,0.793348,0.061781,0.28249,0.82688
rs146728477,G,0.869822,0.6819,2.1798,0.75442
rs77180278,C,0.950527,0.043615,0.028229,0.12233
rs141839085,C,0.944098,0.025788,0.050756,0.61141
rs187763927,T,0.61671,-0.99133,0.8801,0.26
rs185627933,T,0.515615,-0.42965,0.28947,0.13774
rs12567036,A,0.994408,-8.9531e-05,0.025712,0.99722
rs765137259,C,0.810555,0.3176,0.24182,0.18906
rs150810774,C,0.994653,0.12714,0.1167,0.27596
rs79977604,C,0.993715,-0.020877,0.019797,0.29162
rs191583205,T,0.953524,-0.19103,0.29336,0.51493
rs74646489,T,0.937179,0.23311,0.26827,0.38489
rs191614639,A,0.882127,-0.13906,0.064676,0.031547
rs141836751,A,0.909365,-0.039168,0.055821,0.48288
rs111808019,A,0.915399,1.2155,1.8233,0.505
rs527702988,G,0.977424,0.49758,0.4914,0.31126
rs6537823,A,0.993085,0.017586,0.011258,0.11825
rs75930463,A,0.941568,-0.31239,0.23965,0.1924
rs114619937,T,0.879105,0.22111,0.63668,0.72838
rs146886801,G,0.923721,0.040877,0.035161,0.245
rs1857374,G,0.988783,-0.0026443,0.0084873,0.75538
rs61818874,G,0.998029,-0.030724,0.0094173,0.0011045
rs12126238,A,0.991885,0.0068547,0.015671,0.66181
rs10890209,C,0.98269,0.0089077,0.012935,0.49104
rs111261272,T,0.998345,0.011639,0.020524,0.57066
rs192420597,T,0.876383,-0.27712,0.16508,0.093204
rs371113281,C,0.989564,-1.2937,0.65097,0.046889
rs183861346,C,0.907582,0.45093,0.28226,0.11013
rs536209685,T,0.502946,0.70488,0.47537,0.13812
rs78796983,A,0.727788,1.5378,2.2828,0.50054
rs79539451,C,0.992873,-0.028984,0.047283,0.53988
rs143077733,G,0.939992,0.12507,0.10733,0.24393
rs79228949,G,1,0.037728,0.016418,0.021559
rs587652721,A,0.880769,0.26969,0.28188,0.33869
rs111239782,A,0.955524,-0.36726,0.22238,0.098645
rs12743459,T,0.986836,0.0025184,0.010197,0.80492
rs72553946,A,0.372061,0.0079793,0.75123,0.99153
rs74486015,G,0.917385,0.40561,0.96761,0.67508
rs114244595,A,0.958155,-4.0584,1.3978,0.003692
rs112279302,A,0.976442,-0.33267,0.23561,0.15796
rs564440,C,0.995879,0.0060327,0.0089676,0.50112
rs374642739,T,0.85676,0.18606,0.10639,0.080317
rs777425444,A,0.722506,-0.48914,0.51806,0.34508
rs2282186,C,0.960677,0.0577,0.015286,0.0001602
rs60448350,T,0.894412,-0.31409,0.40197,0.43458
rs12131611,A,0.998725,0.0076126,0.0137,0.57843
rs758747003,A,0.305638,0.16082,0.22248,0.46978
rs113206458,G,0.998145,0.025963,0.0085762,0.002467
rs558996317,G,0.506003,0.0019065,0.34502,0.99559
rs754121471,G,0.928575,-0.15552,0.1838,0.39748
rs766360351,T,0.680801,-0.34635,0.21874,0.11333
rs6690047,T,0.883155,0.0058557,0.023191,0.80065
rs185582777,A,0.933103,0.075331,0.04591,0.10083
rs184360418,T,0.582339,-0.74786,0.42232,0.076587
rs114968560,A,0.995089,0.016539,0.025039,0.50891
rs534637464,T,0.853761,-0.14401,0.12569,0.2519
rs113877021,G,0.69781,1.4616,2.3384,0.53195
rs186313442,G,0.825127,-0.054259,0.22895,0.81267
rs558468152,T,0.854362,-0.99937,2.1692,0.645
rs375208320,T,0.851352,1.0884,0.72429,0.13292
rs534865440,A,0.898285,-0.0076781,0.12285,0.95016
rs28816508,G,0.90945,-0.23341,0.5021,0.64202
rs189261847,T,0.782125,2.8394,2.7748,0.30618
rs77780632,A,0.971384,0.37211,0.2334,0.11087
rs79429783,A,0.956475,-0.0071813,0.55766,0.98973
rs181827054,G,0.498927,-0.35076,0.4711,0.45654
rs182723571,C,0.505126,0.88655,0.49313,0.072209
rs759862024,T,0.47837,-0.1889,0.29809,0.52629
rs117017253,G,0.601801,0.26276,1.5804,0.86795
rs145051501,T,0.902768,-0.27806,0.20212,0.16891
rs12048102,T,0.994782,-0.015916,0.020402,0.43533
rs146049475,T,0.923293,0.13237,0.051989,0.010894
rs565845087,A,0.774209,0.052425,0.084942,0.53711
rs540203772,T,0.747286,-0.68292,0.33819,0.043453
rs17024632,G,0.999175,0.026521,0.010262,0.0097556
rs77410693,G,0.826135,0.058951,0.306,0.84723
rs12049280,T,0.776761,-0.12694,1.7045,0.94063
rs12064248,G,0.996196,0.012992,0.015309,0.39609
rs6671993,C,0.986087,-0.042335,0.023882,0.076283
rs61786343,T,0.948246,-0.020958,0.045803,0.64727
rs765773819,T,0.511987,0.21164,0.5639,0.70743
rs61779813,T,0.947402,-0.28528,0.12483,0.022296
rs614516,A,0.999599,-0.0025593,0.0095069,0.78777
rs781017184,G,0.890594,0.23093,0.13421,0.08532
rs151123999,A,0.902062,-0.29274,0.37528,0.43536
rs149133753,A,0.914628,0.88411,1.6578,0.59382
rs541811992,A,0.819496,-0.010081,0.081209,0.90121
rs10737854,A,0.978147,0.014078,0.0086175,0.10233
rs565665444,C,0.806958,0.058305,0.084523,0.49031
rs72751010,C,0.99388,0.026323,0.018446,0.15357
rs561142353,T,0.728876,0.39357,1.8889,0.83495
rs531319658,G,0.573595,-0.14313,0.36317,0.6935
rs544092757,A,0.68388,0.46925,0.43557,0.28133
rs748821691,T,0.394995,-0.24834,0.5072,0.62439
rs6429143,C,0.949661,-2.0963,0.54847,0.00013235
rs6692711,T,0.970664,0.018319,0.0099243,0.064916
rs749258809,T,0.547787,-0.45512,0.33434,0.17343
rs746434867,A,0.780832,-0.022243,0.35141,0.94953
rs142551010,A,0.95508,-0.36939,0.25575,0.14864
rs79520244,G,0.987485,-0.023202,0.037772,0.53903
rs72695807,G,0.990746,-0.0080323,0.022626,0.72259
rs780253,A,0.992848,-0.014894,0.012334,0.22719
rs751936354,A,0.8223,-0.20516,0.21851,0.34778
rs11207111,A,0.993929,0.0031184,0.010886,0.77453
rs74051651,C,0.829323,-0.49123,0.56562,0.38513
rs574245301,T,0.566049,-0.012261,0.50719,0.98071
rs769695490,C,0.699427,0.016291,0.31131,0.95827
rs148885046,A,0.894699,-0.15979,0.22105,0.46974
rs146885144,A,0.987275,-0.02728,0.01109,0.013902
rs111463079,C,0.89526,-0.99011,0.77747,0.20284
rs745922,T,0.995502,0.019339,0.0085666,0.023979
rs150707781,T,0.986018,0.01796,0.012994,0.16691
rs10797776,A,0.997019,-0.020965,0.010417,0.044149
rs763652248,A,0.745782,0.31171,0.30233,0.30253
rs146084617,G,0.871331,1.7806,1.7669,0.31355
rs75151632,A,0.922288,0.00098814,0.030035,0.97375
rs58825441,A,0.98385,-0.027528,0.048748,0.57228
rs139550236,C,0.929561,0.11482,0.047547,0.015738
rs534858399,C,0.762978,-2.4285,1.2821,0.058204
rs567996655,A,0.698274,0.28735,1.5931,0.85686
rs77742625,G,0.969083,-0.029283,0.028531,0.30474
rs150524972,A,0.747093,0.03418,0.45387,0.93997
rs115622818,A,0.890769,-0.54507,1.858,0.76925
rs1042482,T,0.979524,-0.047213,0.015345,0.0020935
rs184098127,C,0.987016,-0.039779,0.048121,0.40844
rs139775388,T,0.978926,-0.072,0.039398,0.067625
rs1987938,A,0.9989,-0.0022765,0.0084479,0.78756
rs144328487,T,0.905781,0.0051824,0.050399,0.9181
rs547953779,G,0.805949,-0.033399,0.097267,0.73132
rs191304358,T,0.949473,-0.042754,0.059339,0.47121
rs3010358,G,0.99047,-0.020907,0.01667,0.20979
rs143696249,A,0.948576,-0.052114,0.29121,0.85797
rs549518933,A,0.525816,-0.15947,1.2798,0.90083
rs139143243,A,0.877566,-0.0025394,0.25094,0.99193
rs761066217,G,0.594138,0.14568,0.26416,0.5813
rs114395023,A,0.927637,-0.0078206,0.037493,0.83477
rs375541087,G,0.828424,-0.66126,0.22588,0.0034176
rs373881011,T,0.835068,0.6483,0.34918,0.063361
rs61777328,G,0.942359,0.034721,0.059189,0.55746
rs7517794,C,0.946241,-1.0429,0.44202,0.018305
rs947367,T,0.994862,-0.0052339,0.0084684,0.53655
rs58478654,T,0.936849,-0.89252,2.212,0.68659
rs756334127,T,0.378561,0.19429,0.43126,0.65233
rs10927916,A,0.994845,0.015139,0.014397,0.29298
rs140213564,G,0.865548,0.1058,1.8756,0.95502
rs148034046,G,0.902965,-0.022133,0.067126,0.74162
rs66626960,T,0.996975,0.020533,0.012034,0.08795
rs12036030,T,0.686398,-0.36842,0.37729,0.32883
rs77096904,A,0.837118,-0.38061,0.60498,0.52927
rs191597847,A,0.891596,0.047818,0.10793,0.65774
rs544466994,C,0.455321,0.15166,0.4447,0.73307
rs759885702,G,0.518562,0.7802,0.5275,0.13912
rs545249447,T,0.743121,-0.16554,0.14291,0.24673
rs187309629,T,0.898016,0.051331,0.11153,0.64534
rs72939715,A,0.892843,-0.52976,0.98624,0.59117
rs74108678,G,0.910982,-0.1994,0.5159,0.69912
rs534420080,C,0.593504,-0.29471,0.28558,0.30209
rs761168511,C,0.574288,0.12031,0.29213,0.68045
rs150369242,T,0.764214,-0.62424,1.7922,0.72761
rs772132654,G,0.721577,0.096347,0.1601,0.54731
rs72720620,C,0.992037,0.03239,0.0099348,0.0011131
rs7551738,A,0.840395,0.40525,0.59482,0.49568
rs10799080,T,0.980942,0.0033691,0.0096776,0.72774
rs72945111,C,0.98281,0.0066524,0.01066,0.53259
rs78443742,C,0.945152,-0.013041,0.026977,0.6288
rs186093825,T,0.94391,0.19606,0.072428,0.0067899
rs370762085,G,0.821088,-0.27262,1.8384,0.88212
rs529490037,A,0.71572,0.22406,0.41208,0.58662
rs557130865,T,0.914603,0.45931,0.47585,0.33442
rs148027258,A,0.81424,0.34776,2.2529,0.87732
rs530415107,G,0.606402,0.57654,0.2621,0.027825
rs7554289,G,0.968253,0.0031014,0.0086023,0.71845
rs536654586,T,0.749993,0.094071,0.16299,0.56384
rs147549609,T,0.626222,0.1223,0.17244,0.47819
rs2986148,C,0.625396,0.059952,0.082018,0.46481
rs912963,T,0.999634,0.022751,0.0088601,0.010235
rs613006,T,0.995015,-0.016505,0.010505,0.11615
rs115877584,G,0.927334,-0.078863,1.6566,0.96203
rs151215034,T,0.639476,-1.3625,2.415,0.57262
rs11811868,C,0.944112,-0.047689,0.31367,0.87916
rs72683555,A,0.936652,-0.026895,0.025993,0.30081
rs540172229,G,0.858508,0.047234,0.12078,0.69574
rs114902311,C,0.914941,-0.32196,2.3628,0.89161
rs139060219,G,0.853652,22.271,16.216,0.16963
rs143122737,T,0.801802,-0.1722,0.10495,0.10084
rs35095692,T,0.984687,0.0085002,0.01397,0.54289
rs577953243,T,0.7033,0.022149,0.15519,0.88651
rs4265476,G,0.97694,-0.0064109,0.047729,0.89315
rs371868201,A,0.763947,-0.91629,1.9611,0.64033
rs560106949,C,0.265317,0.14009,0.6198,0.82118
rs544674615,T,0.748407,0.37751,0.44605,0.39736
rs148907840,G,0.908173,0.97271,1.4944,0.5151
rs2298187,A,0.95897,-0.017243,0.015479,0.26528
rs776003779,T,0.784116,0.013617,0.2048,0.94699
rs139235808,T,0.913844,-93.426,28.523,0.0010549
rs148932089,C,0.879746,0.01606,0.065451,0.80617
rs114341113,A,0.936542,0.55174,2.8156,0.84464
rs139963266,G,0.905712,-0.042443,0.037584,0.25878
rs147585615,C,0.832159,-0.25786,0.54206,0.63428
rs572663289,A,0.929271,-1.5327,1.5914,0.33546
rs113496703,T,0.84023,-1.9317,1.8714,0.30197
rs568413943,T,0.662605,0.21161,0.21819,0.33214
rs539240263,T,0.87597,0.037527,0.11137,0.73615
rs552293036,T,0.714983,-0.15958,0.2227,0.47363
rs187133966,C,0.7205,-0.0028502,0.14674,0.9845
rs117306420,G,0.828397,2.5754,1.1808,0.029185
rs142773306,C,0.868433,-0.10051,0.13245,0.44795
rs780709345,G,0.39069,0.0062424,0.4717,0.98944
rs371375453,T,0.881207,1.3052,0.73989,0.077727
rs6699765,C,0.856206,-0.7099,1.2681,0.5756
rs148078261,A,0.664896,-0.45974,0.47818,0.33633
rs75295304,T,0.997744,0.052482,0.025334,0.038302
rs117050023,G,0.658919,-0.030399,0.26604,0.90903
rs140134165,C,0.949891,1.2941,2.2445,0.56421
rs2169905,G,0.999808,3.5938e-05,0.01626,0.99824
rs149177212,C,0.971135,0.047825,0.084329,0.57063
rs113146690,T,0.882035,2.7081,1.9725,0.16977
rs188287011,A,0.798634,0.095619,0.31116,0.75862
rs114090415,T,0.995076,-0.026706,0.027636,0.33386
rs41288115,G,0.282988,-0.1641,0.34483,0.63416
rs74936340,C,0.993484,0.16397,0.13349,0.21932
rs546738419,T,0.246954,0.46305,0.87914,0.5984
rs12085198,G,0.974252,-0.041961,0.053535,0.43315
rs572665259,T,0.738523,0.088014,0.1816,0.62791
rs139856661,T,0.733828,0.77845,0.80109,0.33118
rs140485961,A,0.902288,0.96172,1.1337,0.39625
rs11801040,G,0.96706,0.35474,0.23088,0.12443
rs757013718,C,0.914053,-0.54676,0.37341,0.14313
rs142753123,A,0.837123,-8.0474,17.64,0.64825
rs549361680,T,0.821563,-2.9261,1.7314,0.091028
rs12078423,A,0.794083,0.39842,0.3613,0.27013
rs34042471,T,0.999022,-0.020181,0.016411,0.2188
rs146304063,T,0.641562,0.14879,0.51734,0.77365
rs554625486,A,0.797901,0.0080537,0.094196,0.93186
rs115537632,T,0.866052,1.159,2.0667,0.57494
rs147848638,C,0.999782,0.062682,0.019239,0.0011219
rs11184789,C,0.998835,0.0061204,0.014955,0.68235
rs142204332,G,0.928837,-0.56647,0.47642,0.23444
rs74413832,C,0.998472,0.021389,0.014286,0.13434
rs11120359,G,0.998834,-0.012671,0.012423,0.30776
rs17122975,G,0.970867,-0.0051598,0.034095,0.87971
rs117998833,C,0.997444,-0.048903,0.04456,0.27244
rs78758234,G,0.77186,6.0918,5.6555,0.28142
rs76953139,T,0.819343,-0.3981,0.41649,0.33915
rs115794297,C,0.903616,0.3339,0.46348,0.47127
rs12074980,C,1,-0.069928,0.038733,0.071011
rs12751518,A,0.994221,0.0055446,0.0096986,0.56753
rs186974329,C,0.740223,-0.78281,0.91142,0.3904
rs190791195,T,0.884695,0.04305,0.051632,0.4044
rs1539077,C,1,-0.013354,0.011304,0.23746
rs542357005,G,0.576771,-0.20423,0.36519,0.57599
rs146772329,C,0.920098,-0.0092017,0.050593,0.85568
rs142873352,T,0.926518,-0.046884,1.9252,0.98057
rs1526511,C,0.997489,0.010438,0.0094834,0.27106
rs74139788,C,0.910632,0.59074,1.2641,0.64026
rs113711397,C,0.864705,0.40358,0.70117,0.5649
rs369457955,T,0.8598,2.1319,2.08,0.30539
rs115811470,C,0.879735,1.0821,0.53503,0.04313
rs74790218,A,0.899758,0.45555,0.53369,0.39334
rs117837164,T,0.55868,0.4607,0.79998,0.56469
rs138900243,T,0.686363,-0.031208,0.10652,0.76953
rs564858812,T,0.743597,0.22603,0.26654,0.39643
rs76735184,G,0.974993,0.020193,0.040316,0.61647
rs114638220,C,0.885231,0.29944,1.025,0.77018
rs17694573,G,1,-0.00054255,0.016089,0.9731
rs551182123,A,0.758748,-3.0727,3.3296,0.35609
rs41308176,C,0.903129,-0.1202,0.075478,0.11128
rs569352453,G,0.920977,0.020263,0.12114,0.86717
rs12078897,A,0.900494,-0.24961,0.25944,0.33599
rs190565349,G,0.571021,-0.38785,0.49973,0.43768
rs146897589,A,0.92603,-0.015823,0.038249,0.6791
rs116882297,A,0.528368,0.56409,1.0424,0.58842
rs761535088,G,0.841818,-0.084956,0.19179,0.6578
rs577842587,G,0.935581,-0.17542,0.065864,0.0077364
rs17506230,A,0.825036,0.0064515,0.073156,0.92973
rs80149523,A,0.985331,0.0213,0.24808,0.93158
rs188785159,C,0.908582,-0.16318,0.079646,0.040485
rs747418817,T,0.505951,0.16224,0.29183,0.57826
rs186534559,C,0.850391,3.1362,1.4186,0.027054
rs569596899,A,0.593614,-0.049489,0.28788,0.86351
rs12040506,T,0.879475,0.078473,0.90526,0.93092
rs12735532,C,0.980347,-0.0056008,0.023364,0.81055
rs140293174,C,0.935763,0.30216,0.36462,0.40728
rs143414223,A,0.899444,-0.030343,0.33551,0.92794
rs6657642,G,0.929731,1.1076,1.1202,0.32277
rs545027070,A,0.78391,-0.22328,0.1393,0.10895
rs577684561,T,0.824364,-0.034757,0.52922,0.94764
rs28678249,A,1,-0.0032741,0.010332,0.75133
rs748635684,G,0.763513,-0.11017,0.2236,0.6222
rs142156958,C,0.68169,-0.28078,1.2239,0.81855
rs374633269,A,0.425982,0.24631,0.43072,0.56742
rs75608775,A,0.796041,-2.0039,1.767,0.25677
rs7553476,C,0.995993,0.019132,0.0094293,0.042458
rs35123596,G,1,0.0084979,0.011049,0.44184
rs2244844,A,0.987415,0.010747,0.033476,0.74818
rs115310545,A,0.853216,-0.0037042,0.7444,0.99603
rs7517135,A,0.999877,-0.055652,0.029729,0.061213
rs756996059,C,0.745956,0.2484,0.20819,0.23282
rs528424056,T,0.758194,0.77268,0.62021,0.21282
rs61058451,C,0.989864,-0.02708,0.013577,0.046099
rs185562802,C,0.905394,0.042253,0.12358,0.73242
rs278838,T,0.996674,0.028353,0.010446,0.0066452
rs6684013,C,0.997129,-0.030129,0.0084736,0.00037712
rs545074434,A,0.290003,0.53279,0.54762,0.33059
rs2183480,A,0.999155,0.0096743,0.013243,0.46506
rs142531972,A,0.926847,3.0733,1.6661,0.065091
rs559863681,A,0.792309,-0.18982,0.20135,0.34581
rs2010302,C,0.983044,0.01572,0.0087185,0.071379
rs575225142,T,0.647881,-0.043701,0.14005,0.75501
rs186266881,G,0.84406,-0.0054338,0.097245,0.95544
rs1837982,C,0.998702,-0.017835,0.011502,0.121
rs553106950,A,0.866097,0.39021,0.25962,0.13283
rs141027345,G,0.251368,0.044411,0.37081,0.90467
rs10921335,A,0.998988,-0.028569,0.010081,0.0045979
rs530176473,T,0.640321,-0.04572,0.35372,0.89715
rs574610546,T,0.902749,-0.015988,0.15109,0.91573
rs12081974,C,0.988578,0.034225,0.041775,0.41264
rs74057931,A,0.920316,-0.23845,0.24854,0.33736
rs61799584,T,0.884363,-0.051822,0.021659,0.016727
rs189735992,A,0.852661,0.23681,0.26022,0.3628
rs775544238,G,0.733522,-0.073315,0.28236,0.79513
rs114530102,T,0.845271,-1.0126,0.92292,0.27255
rs113663390,G,0.878853,-0.80528,0.53016,0.12878
rs140889074,A,0.932222,0.06965,0.059282,0.24004
rs149919316,A,0.563505,0.92415,1.1816,0.43414
rs61692526,C,0.996866,0.034886,0.01038,0.00077705
rs557896936,T,0.664876,-0.40405,0.30691,0.188
rs112635579,T,0.990535,0.027314,0.017407,0.11662
rs12073866,G,0.882139,-0.75514,1.0956,0.49068
rs34925106,G,0.992167,0.016226,0.012075,0.179
rs10752591,C,0.992597,0.025891,0.0098304,0.0084439
rs114666698,A,0.832393,-3.3754,2.7329,0.2168
rs55668306,T,0.906,-1.5065,2.0765,0.46815
rs751465739,T,0.899776,-0.018296,0.17512,0.91679
rs6677894,C,0.997609,-0.003707,0.0161,0.8179
rs149281602,G,0.868816,0.59856,1.3539,0.65842
rs144039918,G,0.91999,0.47165,0.50375,0.34913
rs570128414,A,0.572346,-0.13111,0.67866,0.84681
rs546876745,A,0.921957,-1.3512,0.65084,0.037893
rs773753005,T,0.70031,-0.005969,0.27108,0.98243
rs114017716,A,0.948477,-1.6048,3.4874,0.64539
rs141102685,G,0.934934,-0.10377,0.085537,0.22509
rs1652205,C,0.999728,-0.022943,0.013315,0.084881
rs111942625,A,0.904133,0.036631,0.047019,0.43594
rs186319375,T,0.77338,0.032329,0.070691,0.64743
rs533312309,T,0.799493,-0.080396,0.14442,0.57773
rs563437511,T,0.811144,0.18198,0.23705,0.44266
rs567898038,G,0.935483,0.45197,3.6634,0.90181
rs555486288,A,0.735672,-0.25509,0.25915,0.32494
rs188195676,A,0.589492,1.1152,0.73272,0.12802
rs141687412,G,0.96765,-1.772,0.80614,0.027944
rs547010531,A,0.735726,0.17248,0.18733,0.35717
rs527619515,A,0.674114,-0.21165,0.34664,0.54147
rs73103011,G,0.865237,-0.51733,0.92297,0.57514
rs781587231,G,0.86316,0.059512,0.083895,0.4781
rs77793626,G,0.73263,-1.725,3.8356,0.65291
rs187069665,A,0.903438,0.011475,0.047463,0.80896
rs12142127,T,0.999068,-0.033941,0.0088602,0.00012775
rs187307158,T,0.754155,5.6074,3.6721,0.12676
rs573160079,A,0.891574,-0.094706,0.098678,0.33719
rs746795856,G,0.789782,-0.29582,0.41994,0.48117
rs7519403,G,0.893809,0.20775,0.5194,0.68917
rs142686155,A,0.867353,-0.0074112,0.054913,0.89264
rs72963226,T,0.984727,-1.1516,0.85489,0.17797
rs115190992,T,0.937678,1.1276,2.122,0.59515
rs138313092,C,0.613582,0.79405,0.47559,0.094995
rs192058649,T,0.846254,0.24258,0.87344,0.78122
rs187148,G,0.882954,-0.013784,0.0090456,0.12756
rs751071461,G,0.756407,0.68589,0.33126,0.038403
rs538001426,A,0.907134,0.017009,0.044074,0.69956
rs139516125,C,0.373943,0.29467,0.3738,0.43052
rs4658342,G,0.994959,0.014467,0.012204,0.23583
rs184183739,T,0.897198,-0.8971,1.3739,0.51377
rs34385568,A,0.926159,-0.097978,0.12786,0.44352
rs538926943,C,0.756641,-0.13408,0.17143,0.43413
rs4456154,G,0.986081,0.021546,0.049285,0.66199
rs774128483,T,0.442043,-0.68879,0.50006,0.16838
rs147523097,A,0.568873,-0.0062223,0.43454,0.98858
rs7546480,C,0.873341,0.3341,1.3217,0.80044
rs704813,C,0.99656,-0.0027307,0.0088755,0.75833
rs76740463,T,0.628746,-0.21042,0.17774,0.23647
rs115725681,C,0.713962,0.45815,1.0424,0.66028
rs72768573,A,0.985574,0.012881,0.012744,0.31213
rs146808470,T,0.853832,0.1506,0.83315,0.85656
rs114694394,A,0.857156,0.32546,0.89374,0.71574
rs551375068,T,0.857852,0.30727,0.74486,0.67996
rs587682686,A,0.387118,-0.39985,0.32379,0.21687
rs139024149,T,0.983373,-0.023439,0.38321,0.95123
rs532767383,A,0.822352,-5.3782,2.4689,0.029378
rs190172848,A,0.904649,-0.05924,0.06617,0.37064
rs12407339,T,0.987331,0.0092003,0.010909,0.39902
rs12131335,G,0.997434,0.0039233,0.0098884,0.69155
rs4660188,A,0.988496,0.037957,0.010141,0.0001818
rs745840385,A,0.673441,-0.038111,0.2512,0.87941
rs587662688,A,0.56494,-0.032718,0.23775,0.89055
rs211702,A,0.997482,-0.012747,0.010653,0.23146
rs74913930,C,0.864706,-0.72707,4.7675,0.87879
rs541498279,C,0.843456,-0.53608,0.84377,0.52521
rs73053013,A,0.836927,1.1827,1.448,0.41405
rs146501843,A,0.90313,-0.11769,0.068389,0.085284
rs116647826,G,0.8946,-0.57357,0.44894,0.20138
rs143649596,T,0.812574,0.11012,0.14622,0.45137
rs138255958,T,0.777823,-1.71,0.94098,0.069172
rs144354185,C,0.879364,-0.44925,0.27878,0.10707
rs115991776,T,0.97398,-0.3047,0.28082,0.2779
rs150237674,T,0.827768,0.11271,0.34721,0.74547
rs28864105,G,0.999693,0.013408,0.0087778,0.12663
rs16823530,A,0.900137,-0.19951,0.32037,0.53344
rs777921356,A,0.687932,0.19351,0.20206,0.33823
rs12033058,A,0.999324,-0.023748,0.0090476,0.0086719
rs2457824,C,0.993771,-0.010046,0.018921,0.59545
rs139912287,T,0.718213,4.1474,2.3034,0.071769
rs568923823,G,0.847872,-0.24493,0.14645,0.094448
rs764858346,G,0.805811,0.19683,0.3951,0.61836
rs34762383,A,0.998858,0.014722,0.02264,0.51552
rs191587963,T,0.744451,-1.7149,3.1133,0.58175
rs76282662,C,0.959205,0.35709,0.45867,0.43626
rs12411255,A,0.999264,-0.010351,0.0084372,0.21991
rs12131924,G,0.993393,-0.025913,0.013619,0.057084
rs12737218,C,0.998441,-0.019875,0.013475,0.14022
rs146656400,T,0.674406,1.1744,2.2476,0.60133
rs36018845,T,0.984454,0.042518,0.011469,0.00020948
rs148585762,A,0.903129,0.046365,0.08431,0.58236
rs71642431,G,0.769953,0.091769,0.055169,0.096227
rs760743682,T,0.763502,0.029373,0.11868,0.80453
rs77114016,G,0.99787,0.00225,0.01929,0.90714
rs1953658,T,0.985268,-0.012507,0.010805,0.24709
rs141927475,T,0.892454,-0.045608,0.10614,0.66741
rs140179236,T,0.594471,-0.27558,0.60233,0.6473
rs150875241,A,0.839732,-0.064782,0.047759,0.17497
rs541980502,C,0.731318,-0.82744,0.49149,0.092271
rs10919745,T,0.98673,0.031424,0.020613,0.1274
rs11799965,G,0.981769,-0.034552,0.0094911,0.00027212
rs187965069,C,0.55511,0.35065,0.51806,0.4985
rs185265971,C,0.970304,0.051625,0.066791,0.43956
rs11119636,T,1,0.026378,0.0087156,0.0024737
rs528480356,A,0.810511,0.10173,0.23813,0.66924
rs139155942,T,0.790308,0.0095505,0.06801,0.88832
rs551154253,C,0.698996,0.80312,2.382,0.73599
rs577072008,A,0.856139,0.51422,0.74397,0.48945
rs34600721,G,0.994757,0.0063576,0.0095735,0.50664
rs12044702,T,0.99385,0.028219,0.020448,0.16758
rs565834848,T,0.470602,2.8954,1.2268,0.018264
rs515189,A,0.992446,-0.012676,0.019425,0.51404
rs79034406,A,0.993852,-0.041115,0.012279,0.00081308
rs13376351,A,0.892634,-0.33033,0.18464,0.073606
rs188790805,A,0.803277,-0.15617,0.092882,0.092687
rs10914967,A,1,0.0097886,0.0096719,0.31151
rs6672352,G,0.754227,-0.17344,0.58996,0.76877
rs112802624,A,0.863065,-0.017172,0.49488,0.97232
rs12736790,T,0.966971,-0.041168,0.013562,0.0024011
rs750595973,T,0.661144,-0.0084414,0.20511,0.96717
rs149469214,A,0.750565,-1.6662,1.8131,0.3581
rs142409490,T,0.918273,-0.0085242,0.01942,0.66071
rs765696106,T,0.4291,0.36136,0.28803,0.20964
rs2257059,C,0.979279,0.0071736,0.018086,0.69163
rs2181445,T,0.994003,0.01447,0.0084696,0.087549
rs79886163,C,0.793459,0.46867,0.36645,0.20092
rs10925746,A,0.996019,-0.0034015,0.0087493,0.69744
rs12073872,G,0.998423,0.015512,0.0099996,0.12083
rs77067127,A,0.79271,-0.20795,0.58313,0.72139
rs113561501,C,0.932083,-0.31969,0.76604,0.67645
rs190720221,G,0.830862,-0.0011923,0.078747,0.98792
rs77187384,C,0.987498,-0.74684,0.39418,0.058135
rs149565192,A,0.942973,-55.215,196.93,0.77918
rs188482843,C,0.574757,0.075433,0.14771,0.60956
rs762434368,C,0.686057,0.34891,0.38893,0.36967
rs370049105,C,0.819331,-0.57006,1.4867,0.70139
rs4927160,A,0.979901,-0.0040651,0.012455,0.74414
rs111489399,T,0.996141,0.022175,0.026502,0.40274
rs186693433,T,0.904802,0.16365,0.12545,0.19204
rs59676624,T,0.997687,-0.023433,0.024717,0.3431
rs145983832,T,0.767504,0.04919,2.1321,0.98159
rs555580458,C,0.757886,-0.31585,0.23502,0.17898
rs3754033,T,0.998499,-0.0071385,0.043229,0.86884
rs233082,C,0.955365,0.22415,1.5429,0.88449
rs149752961,C,0.532383,0.10927,0.55093,0.84278
rs749580825,A,0.659432,0.23778,0.4023,0.55449
rs138521687,G,0.685444,-0.013196,0.93237,0.98871
rs56061648,C,0.962344,0.15049,0.060051,0.012209
rs631606,C,0.951049,0.00074669,0.011297,0.9473
rs144060355,T,0.735319,-0.9709,1.5751,0.53763
rs568684890,C,0.782493,0.078927,0.27579,0.77474
rs183909822,G,0.930721,0.069071,0.04557,0.12959
rs145330303,G,0.737003,-0.21866,0.13796,0.11296
rs111773673,A,0.978749,0.076451,0.018942,5.4384e-05
rs149989962,A,0.75391,12.096,3.4889,0.00052639
rs12566555,G,1,-0.0078338,0.010983,0.47567
rs554966419,C,0.902769,0.022617,2.1171,0.99148
rs112402692,G,0.714413,-0.42114,0.22037,0.055998
rs185541165,A,0.859464,0.058361,0.065459,0.37262
rs752548088,C,0.798283,-0.077087,0.17945,0.66751
rs561194918,T,0.631286,-0.63841,0.49755,0.19945
rs183796298,T,0.814036,2.0698,1.6181,0.20085
rs341006,A,0.994047,-0.036475,0.012439,0.0033642
rs144969766,A,0.893075,-0.097855,0.36939,0.79108
rs114110252,T,0.802912,0.9733,0.83659,0.24466
rs145498359,G,0.955101,0.045454,0.035793,0.20412
rs55995731,A,1,-0.030731,0.023463,0.19028
rs140628560,C,0.968969,-0.69214,0.64014,0.27959
rs12137972,T,0.992404,0.0048387,0.029001,0.86749
rs4582739,T,0.995534,-0.014819,0.0084487,0.079429
rs116174694,T,0.813362,0.62095,3.3299,0.85207
rs12044912,G,0.973992,0.0045318,0.0086328,0.59962
rs75766966,C,0.999772,0.062263,0.014444,1.6286e-05
rs569104082,T,0.755297,-0.35091,0.4204,0.40389
rs554333090,C,0.765741,-0.1553,0.088746,0.080134
rs181547003,T,0.483151,0.060216,0.3315,0.85586
rs546365353,C,0.820432,-0.20235,0.27242,0.45761
rs12757049,G,0.998719,0.0076007,0.0085788,0.37563
rs10863983,G,0.987362,0.015782,0.0089306,0.077192
rs183856335,A,0.714463,-7.7958,4.0237,0.052688
rs371281196,G,0.980043,0.050536,0.081896,0.53719
rs115923738,A,0.928841,-0.20266,0.31567,0.52087
rs181956703,T,0.99318,0.046901,0.029667,0.1139
rs368412507,G,0.918497,0.67558,2.2946,0.76843
rs557567161,A,0.830367,0.37719,3.19,0.90588
rs182981123,T,0.8548,0.059034,0.083392,0.479
rs773080402,G,0.683906,-0.13765,0.18555,0.45819
rs539926160,A,0.911152,0.075928,0.071215,0.28634
rs141094803,A,0.597252,-0.18297,0.89847,0.83863
rs144347206,C,0.954328,-0.023951,2.744,0.99304
rs72896980,A,0.951795,-0.31707,0.65745,0.62962
rs11803870,A,0.84871,0.37934,0.62115,0.5414
rs142630908,C,0.810191,0.54097,0.22722,0.017276
rs80046889,T,0.975197,-0.0084466,0.01145,0.46071
rs34777231,A,0.919635,-0.0091696,0.045767,0.8412
rs766098200,T,0.828842,0.081145,0.27511,0.76803
rs10495006,G,0.999922,0.0049233,0.019338,0.79904
rs112457530,T,0.865547,-0.029103,0.097689,0.76577
rs182737472,C,0.936719,-0.39443,0.24723,0.11063
rs72993486,T,0.964278,0.16381,0.28959,0.57163
rs576775799,T,0.816013,-0.09128,0.22179,0.68067
rs11210721,T,0.998488,0.032455,0.0097696,0.00089382
rs147815157,A,0.896157,0.067255,0.25742,0.79389
rs2790085,C,0.994818,0.01339,0.010625,0.20756
rs60446380,G,0.820941,-2.0752,2.2591,0.3583
rs565085224,T,0.647442,0.34377,0.41793,0.41077
rs191007685,G,0.700021,0.042699,0.078557,0.58675
rs747303485,T,0.79474,0.56694,0.44182,0.19942
rs10489191,C,0.996093,-0.014373,0.014581,0.32425
rs182626667,A,0.922239,0.1463,3.3451,0.96511
rs4656855,C,0.992789,0.020612,0.0089205,0.020856
rs7535131,C,0.93735,-2.2977,0.93792,0.014293
rs184994489,G,0.922411,-0.045782,0.065466,0.48435
rs140378012,A,0.953788,0.015747,0.2972,0.95774
rs79174616,T,0.963406,-0.096556,0.39114,0.80502
rs17632055,T,1,-0.033365,0.011477,0.0036464
rs147440173,T,0.813844,-1.828,1.0247,0.074442
rs12073226,T,0.990385,0.046912,0.012194,0.00011951
rs574382021,T,0.893604,-0.29183,0.12367,0.018285
rs7543983,C,0.9986,-0.0089041,0.013405,0.50654
rs184682151,T,0.798615,0.49666,0.2363,0.035571
rs6667326,G,0.994564,-0.010711,0.0087511,0.22099
rs192611275,T,0.655399,-1.1675,1.3404,0.38377
rs115643879,C,0.919249,-0.0088612,0.041387,0.83047
rs149094342,T,0.817827,-0.97234,0.80924,0.22954
rs551243899,C,0.484021,0.17125,0.20848,0.4114
rs116434383,A,0.682721,-0.14464,0.29405,0.62278
rs7554293,T,0.970993,-0.12352,0.068209,0.070155
rs4442364,C,0.988344,0.029743,0.026011,0.25283
rs534060497,T,0.700185,0.095245,0.13462,0.47924
rs183029925,T,0.810806,0.097721,0.070914,0.1682
rs114494534,C,0.997006,-0.024326,0.01545,0.11537
rs35729443,T,0.997867,0.013315,0.0093111,0.1527
rs750015684,T,0.754149,-0.048456,0.2516,0.84728
rs7340096,G,1,0.029942,0.017453,0.086241
rs865849119,T,0.944406,0.44014,0.28715,0.12532
rs188919038,T,0.870413,-0.1306,0.08932,0.14368
rs139579389,G,0.674081,-0.72444,1.2249,0.55423
rs3934880,T,0.998457,-0.024481,0.010118,0.015538
rs145970460,A,0.986081,0.038987,0.053132,0.46309
rs75099763,C,0.94104,-0.44583,0.18471,0.015789
rs7414107,G,0.999031,-0.027235,0.011534,0.018213
rs7515535,A,0.998836,0.0083183,0.015394,0.58894
rs572445616,A,0.823903,0.0044796,0.060428,0.94091
rs549587495,C,0.922807,0.015501,0.072437,0.83055
rs770783309,A,0.753625,0.028986,0.28136,0.91795
rs548288072,A,0.402019,-0.4447,0.51023,0.38344
rs184783315,C,0.85045,0.36112,0.21362,0.090942
rs117956070,G,0.79441,-0.26848,0.21414,0.20993
rs140892010,A,0.932497,0.053255,0.043849,0.22456
rs139928684,A,0.57398,0.15634,0.19933,0.43285
rs76617779,A,0.983952,0.015886,0.19737,0.93585
rs78842564,T,0.965653,-0.78082,0.56206,0.16477
rs112327441,A,0.990893,0.02959,0.027655,0.28464
rs10494603,T,0.999528,0.012559,0.0090694,0.16613
rs539809677,T,0.640759,0.0097305,0.16794,0.9538
rs12025547,C,1,-0.0020214,0.015699,0.89755
rs146701335,A,0.626822,0.13615,0.13267,0.30478
rs374712568,A,0.712833,0.58506,1.5899,0.71289
rs189067908,G,0.890606,-3.567,3.2624,0.27422
rs182594041,G,0.90322,0.047935,0.07566,0.52637
rs141498737,G,0.723823,-0.73351,0.66037,0.26667
rs190466374,A,0.752927,-0.11702,0.12325,0.34241
rs1881982,G,0.972225,0.016752,0.020023,0.40278
rs778766273,T,0.887056,-0.18249,0.25726,0.4781
rs116580437,C,0.622152,-0.2423,0.57974,0.67598
rs149313339,C,0.481003,0.16729,0.93559,0.85809
rs536236184,G,0.821715,0.067033,0.082044,0.41391
rs35326401,A,0.994147,-0.008927,0.012556,0.47709
rs942127,A,0.991633,0.041495,0.0089343,3.4111e-06
rs181027687,A,0.874571,0.02496,0.067374,0.71104
rs115683618,A,0.897382,0.09079,0.71826,0.89941
rs764015568,T,0.786173,0.75472,0.34396,0.028222
rs541348815,T,0.711799,0.17814,0.20321,0.38069
rs541267773,T,0.67382,-1.0233,0.49599,0.039107
rs566152464,C,0.971026,2.8331,3.3423,0.39663
rs139273417,C,0.939163,-0.14153,0.07452,0.05754
rs569972825,A,0.71547,-1.2286,0.57034,0.031235
rs180909723,A,0.755785,0.47777,0.3511,0.17357
rs77101207,G,0.844267,0.014649,1.2845,0.9909
rs61782765,A,0.997263,-0.014794,0.0091327,0.10526
rs556015464,G,0.838309,-0.40595,0.36657,0.26812
rs566032708,A,0.296214,0.10476,0.63649,0.86927
rs117314283,G,0.628882,-0.56164,0.33732,0.095915
rs116280041,G,0.889482,0.66878,0.9742,0.4924
rs1751508,A,0.995411,-0.0024597,0.023261,0.91579
rs587755559,T,0.638726,-0.045851,0.92075,0.96028
rs76387671,C,1,-0.0019817,0.012221,0.87118
rs77354905,C,0.958131,0.017819,0.025496,0.48463
rs117951485,A,0.80167,-1.87,0.86034,0.029738
rs142334875,A,0.923716,1.1359,0.8534,0.18318
rs189920453,G,0.6164,0.11789,0.12556,0.34776
rs11799702,A,0.970472,-0.037426,0.061097,0.54017
rs181349428,A,0.91381,-0.1491,0.091953,0.10492
rs34495117,G,0.989899,0.020385,0.0098045,0.037603
rs534246845,A,0.770855,0.14141,0.2578,0.58332
rs75229714,G,0.934481,-0.77301,2.0237,0.70248
rs181144719,G,0.844844,1.2414,1.6211,0.44381
rs146082808,T,0.851816,-0.63149,1.5519,0.68408
rs376707219,A,0.780254,-0.12957,0.2148,0.54637
rs41269485,C,0.920046,0.019413,0.045279,0.66811
rs139137043,T,0.902062,0.20209,0.090903,0.026206
rs747433632,A,0.738048,-0.27325,0.35438,0.44068
rs6664870,A,0.994202,0.0017927,0.010081,0.85885
rs573881628,T,0.597722,0.10596,0.24582,0.66642
rs748516777,G,0.82714,-0.2269,0.30377,0.45509
rs191326017,G,0.953669,0.0020332,0.030526,0.9469
rs146881605,C,0.948958,0.70947,0.89189,0.42634
rs144413016,T,0.736101,0.1761,0.25898,0.49653
rs72940815,T,0.987707,-0.0077205,0.013242,0.55988
rs369481166,A,0.397262,-0.44783,0.2079,0.031236
rs138529329,G,0.825783,0.28485,1.35,0.83289
rs534837326,A,0.842354,0.7049,1.7353,0.68458
rs542124686,G,0.600627,0.23981,0.67582,0.72271
rs75064564,G,0.952159,-0.75434,0.36496,0.038743
rs575880931,A,0.791605,-0.15714,0.21584,0.46659
rs61829468,T,0.97157,-0.015729,0.016792,0.34892
rs191001630,T,0.898408,-0.066717,0.082525,0.41884
rs558508566,A,0.854941,0.032338,0.10942,0.76759
rs184628793,G,0.863157,-0.048988,0.0877,0.57644
rs75082473,C,0.994038,-0.033195,0.023513,0.15802
rs145393004,C,0.615675,-1.4029,2.9517,0.63458
rs545534030,G,0.624536,-0.10087,0.14984,0.50082
rs139850912,T,0.862942,-0.038157,0.081671,0.64035
rs545071941,C,0.904934,-0.048515,1.0444,0.96295
rs652108,T,0.999338,-0.037958,0.011557,0.0010219
rs116137751,T,0.901128,-1.035,1.0596,0.3287
rs115372890,A,0.926494,0.063751,0.056428,0.25857
rs10785778,C,0.997678,0.019357,0.0084671,0.022246
rs148667987,A,0.843026,-0.72339,1.4994,0.6295
rs553205419,A,0.856348,0.017984,1.9519,0.99265
rs114444145,T,0.911788,0.024815,0.067516,0.71322
rs12097855,T,0.994407,0.021744,0.011214,0.052493
rs111851485,A,0.99372,0.070575,0.021981,0.0013237
rs115806548,A,0.895638,-1.3387,1.4415,0.35305
rs185584420,A,0.748937,-0.027519,0.1229,0.82283
rs187026628,G,0.812224,-3.1711,2.4322,0.19231
rs538472493,A,0.919751,0.33425,0.2326,0.15072
rs143518928,C,0.787502,2.2099,1.4182,0.11919
rs115981509,C,0.814711,-0.96273,0.97357,0.32273
rs533187998,T,0.780859,-0.0045087,0.1167,0.96918
rs367893468,T,0.697913,0.62707,1.3012,0.62988
rs185293713,A,0.836695,0.8592,0.29502,0.003587
rs185322877,A,0.957136,-0.078288,0.040375,0.0525
rs115605566,A,0.998204,0.0043691,0.027497,0.87375
rs139304087,A,0.897368,0.060331,0.073091,0.40913
rs568304966,G,0.907032,0.43094,0.27285,0.11424
rs2907137,G,0.949658,-0.2454,0.22566,0.27683
rs528082782,G,0.969193,-0.59184,1.1071,0.59295
rs74090345,C,0.66948,-0.057231,1.2983,0.96484
rs754512607,T,0.607887,0.24016,0.31763,0.4496
rs539037695,G,0.845437,0.11423,0.30038,0.70374
rs114660496,C,0.993132,-0.0014154,0.016854,0.93307
rs3851267,G,0.991444,-0.026027,0.01842,0.15766
rs147555883,A,0.813646,0.090052,0.042368,0.033549
rs79403365,G,0.961536,-0.44036,0.30542,0.14936
rs115564162,T,0.855852,0.98131,1.1332,0.3865
rs75026133,A,0.913605,-1.1193,1.3033,0.39043
rs771984166,T,0.815147,0.092356,0.27962,0.74118
rs191939102,T,0.972119,0.0022828,0.053614,0.96604
rs11205361,T,0.999794,0.018607,0.012763,0.14486
rs10910284,C,0.955241,0.016598,0.073361,0.821
rs573080466,A,0.426352,0.033361,0.27497,0.90343
rs761943790,T,0.871685,0.053047,0.20995,0.80053
rs79546775,T,0.923527,0.1605,0.59586,0.78765
rs759954570,T,0.852118,0.461,0.2657,0.08274
rs76086929,G,0.656399,-0.38758,0.26756,0.14746
rs2771108,A,0.993376,-0.0034839,0.0087246,0.68965
rs4579826,A,0.993781,-0.0060842,0.015173,0.68842
rs140217553,T,0.927138,3.8907,2.5913,0.13324
rs77191902,G,0.898468,-0.58246,0.51942,0.26213
rs147383460,T,0.831083,2.6171,3.7448,0.48463
rs781207,C,0.996382,-0.0058112,0.0085965,0.49904
rs2473784,A,0.999207,0.021687,0.0093265,0.020056
rs1855219,G,0.985202,-0.0015831,0.0096238,0.86933
rs774383679,A,0.633384,-0.3818,0.48953,0.43543
rs28730748,A,0.878762,-0.0024134,0.10764,0.98211
rs77415316,C,0.926433,0.10635,0.065215,0.10296
rs10920212,T,0.986148,-0.034307,0.0089375,0.00012379
rs528661013,T,0.727791,-0.29242,0.17193,0.08897
rs145500480,A,0.58185,0.39887,0.77891,0.60859
rs150030590,T,0.976576,0.0072907,0.029962,0.80775
rs34547852,C,0.99834,0.019536,0.012802,0.12701
rs141488751,A,0.6935,-0.2555,0.21367,0.23179
rs558647030,T,0.688642,-0.38597,0.25435,0.12915
rs701229,A,1,0.022172,0.0095377,0.020089
rs545574871,G,0.698518,0.2609,0.24474,0.28642
rs184845070,G,1,-0.093742,0.11267,0.40541
rs577362030,T,0.897445,0.079135,0.16205,0.62531
rs191864612,T,0.9041,-0.41919,0.94263,0.65653
rs556869305,C,0.806264,0.00081971,0.12747,0.99487
rs78510193,A,0.753195,0.20408,0.53597,0.70338
rs74123803,G,0.998349,-0.046342,0.014797,0.0017375
rs190977478,G,0.681358,0.31046,0.58163,0.5935
rs187761208,C,0.957268,-1.2884,0.67639,0.056805
rs9661467,C,0.998402,0.0042739,0.0086987,0.6232
rs575563909,C,0.653351,-0.24236,0.41963,0.56356
rs532877170,T,0.909883,0.86666,1.0122,0.39187
rs114270480,C,0.81595,-0.24174,0.35351,0.49408
rs74945423,A,0.928642,2.021,1.0902,0.063768
rs141246732,T,0.778049,-0.73347,0.5974,0.21954
rs115123423,A,0.803518,-0.2366,1.215,0.84559
rs868093053,G,0.841617,-0.14976,0.18309,0.41338
rs1179166,C,0.99593,0.036216,0.0085481,2.2681e-05
rs538947037,C,0.709289,-0.36317,0.17112,0.03381
rs72632764,T,0.995507,-0.039372,0.013727,0.0041274
rs139783763,T,0.448113,-0.46843,0.64393,0.46695
rs75886225,G,0.802534,0.58525,0.42675,0.17025
rs148073767,T,0.894208,0.23561,0.23217,0.3102
rs755958527,G,0.70444,0.50496,0.34274,0.14067
rs532085230,A,0.810348,-0.16997,0.42681,0.69046
rs74119237,A,0.930861,-0.33407,0.43321,0.44062
rs377025351,C,0.474236,0.60528,0.80138,0.45007
rs77109865,C,0.90775,0.27662,0.32376,0.39289
rs140341054,T,1,0.021859,0.17607,0.9012
rs77452622,C,0.99233,-0.017216,0.013781,0.21155
rs115933853,A,0.962658,0.39893,0.35977,0.26749
rs185071086,C,0.869036,0.11988,0.059047,0.042338
rs2773153,A,0.8186,-0.3389,1.0877,0.75537
rs145673710,A,0.971052,-0.059916,0.020687,0.0037761
rs149272458,A,0.904678,-0.72682,1.6082,0.65131
rs12041876,G,0.963351,-0.051404,0.059489,0.38754
rs76653026,T,0.751378,-0.4635,0.36634,0.20579
rs59346013,A,0.928924,-0.12622,0.048145,0.0087521
rs12121335,T,0.987769,-0.0037065,0.011242,0.74162
rs569492712,G,0.675972,-0.47679,0.25745,0.064029
rs12077579,A,0.912354,0.027687,0.11559,0.8107
rs113450921,T,0.92045,-0.27932,0.36598,0.44534
rs74762794,A,0.956261,-0.2574,0.83048,0.75661
rs115342270,A,0.986469,0.050724,0.038778,0.19086
rs572887077,A,0.64829,0.2878,0.24899,0.24775
rs147358194,A,0.92738,1.5831,0.96132,0.099593
rs12144991,G,0.999226,-0.033715,0.012296,0.0061083
rs10908660,A,0.999504,0.00046689,0.0084788,0.95609
rs142202258,A,0.45644,-1.9657,1.7771,0.26867
rs564885435,T,0.656446,0.40356,0.27914,0.14825
rs139790614,A,0.825677,-0.071158,0.10876,0.51295
rs1890497,A,0.710276,1.5731,1.1158,0.1586
rs74050137,C,0.650452,0.58484,0.50212,0.24413
rs537026864,C,0.64442,0.040521,0.3333,0.90324
rs138483045,G,0.815457,-0.42754,0.33341,0.19973
rs748893619,T,0.535052,0.12295,0.2877,0.66912
rs200734635,T,0.546162,0.70004,0.54991,0.20301
rs137858148,C,0.743842,0.38297,1.3263,0.77277
rs147242849,T,0.88994,-1.6668,1.8098,0.35704
rs140788538,C,0.791771,0.049834,0.086673,0.56532
rs141865682,G,0.901138,-0.56294,0.66821,0.39953
rs187957410,G,0.861549,0.049587,0.079422,0.5324
rs145837599,A,0.62812,0.47789,0.89595,0.59377
rs12058334,C,0.991672,-0.69008,1.1578,0.55117
rs144159337,A,0.681777,0.26555,0.48759,0.58602
rs677844,C,0.996576,-0.010073,0.0097814,0.30308
rs6672317,G,0.922326,-0.037827,0.33042,0.90885
rs188870452,G,0.575099,-0.018727,0.24899,0.94005
rs574007274,C,0.787292,1.3194,2.1795,0.54493
rs17547064,G,0.960787,0.037498,0.0090087,3.1496e-05
rs142454602,G,0.713773,0.010815,0.15825,0.94551
rs182387948,C,0.999734,1.4314,0.87567,0.10212
rs76704435,G,0.845836,-0.51692,0.44023,0.24031
rs782335894,T,0.689904,-0.25893,0.26186,0.32276
rs561501352,A,0.663536,-0.49633,0.47238,0.29339
rs61770064,C,0.931671,0.022753,0.024238,0.34786
rs79691298,A,0.797207,0.31757,1.9805,0.87261
rs140546705,G,0.809041,0.10761,0.085935,0.21048
rs550389929,T,0.603331,0.13928,0.18313,0.44694
rs145818245,C,0.950119,-1.1106,0.92023,0.22749
rs144949976,A,0.794141,2.416,1.93,0.21064
rs946147,T,0.901777,0.14255,0.31242,0.6482
rs529259832,A,0.602894,-0.32855,0.49139,0.50374
rs12035986,G,0.996319,0.029734,0.010712,0.0055055
rs777483422,A,0.80852,0.25209,0.37555,0.50206
rs4600047,G,0.988598,0.0029168,0.010402,0.77917
rs55989126,G,0.969629,-0.059504,0.021752,0.0062276
rs540436138,A,0.661084,3.6932,4.2954,0.3899
rs77174638,C,0.991772,0.005342,0.085909,0.95042
rs186321500,T,0.533917,0.11569,0.46019,0.80151
rs12745307,C,0.99008,0.012674,0.0088393,0.15163
rs59455983,T,0.997504,0.037143,0.01221,0.0023501
rs140692731,A,0.915342,0.0077832,0.040271,0.84675
rs5019664,T,0.998174,-0.0086975,0.0084614,0.30399
rs538328929,C,0.827377,-1.9473,1.5255,0.20178
rs142570608,G,0.878405,-1.1,1.4417,0.44546
rs377156236,G,0.969922,-1.1858,2.2971,0.6057
rs56804275,G,0.996299,-0.025195,0.017995,0.16148
rs115461988,G,0.822471,-0.15872,0.17345,0.36017
rs375440107,G,0.922689,-2.1198,1.8012,0.23923
rs147578675,A,0.684177,-0.26445,1.1962,0.82503
rs182079351,A,0.898136,0.12052,0.46142,0.79394
rs183623244,C,0.854958,-0.021058,0.090784,0.81657
rs572817513,G,0.815203,-0.033933,0.17432,0.84566
rs185590596,A,0.752348,-0.063561,0.13853,0.64636
rs115199449,T,0.996152,-0.029666,0.015713,0.059034
rs78055952,T,0.990913,0.19976,0.58116,0.73106
rs185009829,T,0.645302,0.23537,0.83807,0.77882
rs187201244,T,0.57207,0.025192,0.20489,0.90214
rs115845358,T,0.843046,-0.31653,0.66888,0.63605
rs555740433,A,0.722434,-0.025303,0.095634,0.79133
rs567727211,A,0.840682,-0.12479,0.087151,0.15217
rs191462525,C,0.960413,-2.7866,2.1587,0.19676
rs118040973,A,0.709834,-1.3497,1.0734,0.20859
rs562333614,T,0.677581,0.29012,0.49863,0.56068
rs138530965,A,0.86639,2.0918,4.4222,0.6362
rs17362647,A,0.987104,0.054986,0.022842,0.016077
rs36100542,G,0.900818,-0.021625,0.22856,0.92462
rs58974156,T,0.992439,-0.00096079,0.010591,0.92772
rs34754258,T,1,-0.0071486,0.025805,0.78176
rs544636224,A,0.80176,0.10226,0.30052,0.73365
rs143802568,T,0.843539,-0.27265,0.53004,0.60698
rs76370159,C,0.937432,0.30691,0.49638,0.53638
rs116119617,C,0.813523,-0.082916,1.7557,0.96233
rs190276452,C,0.871873,0.25029,1.0955,0.81928
rs147403898,G,0.860014,-0.30276,1.3654,0.82452
rs184326255,G,0.710939,-0.36876,0.39873,0.35506
rs575315833,T,0.4093,0.19741,0.62009,0.75022
rs143676294,G,0.778777,-6.6794,15.402,0.66453
rs565083705,C,0.763105,-0.3442,0.13035,0.0082784
rs13375795,C,0.927746,0.50256,0.58978,0.39415
rs182687673,G,0.889285,-0.038082,0.19887,0.84814
rs61825854,C,0.99773,-0.019257,0.011354,0.089881
rs116753492,C,0.859756,5.375,2.5708,0.036547
rs12406730,C,0.987932,0.0015115,0.01034,0.88377
rs6701289,A,0.991402,0.0075856,0.0089163,0.3949
rs73027209,T,0.951117,0.33973,0.57736,0.55626
rs75338844,G,0.942654,-0.43428,0.20634,0.035319
rs145864207,C,0.983622,-0.025731,0.019462,0.18612
rs148547432,T,0.724039,-0.16556,0.39116,0.67211
rs581078,T,0.98895,-0.019098,0.0088032,0.030051
rs537276421,T,0.797545,1.5185,1.5239,0.31904
rs144483476,A,0.888517,0.038987,0.084086,0.6429
rs2810571,G,0.974665,0.044614,0.019191,0.020085
rs76979952,G,0.984691,0.03238,0.020532,0.11478
rs782615255,C,0.2803,-0.69948,0.71019,0.32466
rs74095632,A,0.881364,-1.3473,0.71456,0.059359
rs138939710,G,0.360688,0.0021134,0.27372,0.99384
rs116652646,G,0.951816,-0.16115,0.49263,0.74358
rs549477854,C,0.721474,-0.4656,1.4268,0.74418
rs61785108,C,0.989764,-0.021687,0.025805,0.40068
rs76548252,A,0.845895,2.2856,1.9224,0.23445
rs146578557,T,0.969237,-0.015473,0.60488,0.97959
rs78834786,G,0.925564,-0.046325,0.28687,0.87171
rs532574339,G,0.829999,-0.59946,0.43218,0.16542
rs575975823,A,0.952081,-0.056285,0.20254,0.78109
rs2183035,C,0.972159,0.011306,0.012381,0.36114
rs149066417,A,0.821911,-4.002,2.8146,0.15508
rs570198537,A,0.508565,-0.87258,0.62635,0.16359
